Image,Method,Param,BPP,psnr,ssim,ms_ssim,vif,lpips
kodim01.png,Ours (Proposed),10,2.8243611653645835,21.68,0.5855,0.8069,0.1549,0.416
kodim01.png,Ours (Proposed),25,1.3506673177083333,19.55,0.4292,0.6391,0.0971,0.5853
kodim01.png,Ours (Proposed),40,0.00079345703125,13.82,0.2038,0.2399,0.0054,0.8388
kodim01.png,Ours (Proposed),60,0.0003662109375,10.99,0.1776,0.2272,0.0023,0.8381
kodim01.png,Ours (Proposed),90,0.0003662109375,10.99,0.1776,0.2272,0.0023,0.8381
kodim01.png,Ours (Proposed),150,0.0003662109375,10.99,0.1776,0.2272,0.0023,0.8381
kodim01.png,Ours (Proposed),250,0.0003662109375,10.99,0.1776,0.2272,0.0023,0.8381
kodim01.png,Standard QT (Blocks),10,0.2677001953125,20.15,0.3767,0.7013,0.0874,0.6286
kodim01.png,Standard QT (Blocks),25,0.19523111979166666,18.89,0.3084,0.5585,0.0535,0.6928
kodim01.png,Standard QT (Blocks),40,0.00018310546875,11.16,0.2104,0.2225,0.0,0.8855
kodim01.png,Standard QT (Blocks),60,0.00018310546875,11.16,0.2104,0.2225,0.0,0.8855
kodim01.png,Standard QT (Blocks),90,0.00018310546875,11.16,0.2104,0.2225,0.0,0.8855
kodim01.png,Standard QT (Blocks),150,0.00018310546875,11.16,0.2104,0.2225,0.0,0.8855
kodim01.png,Standard QT (Blocks),250,0.00018310546875,11.16,0.2104,0.2225,0.0,0.8855
kodim01.png,Ours (Blocks),10,0.2682088216145833,20.15,0.3772,0.7018,0.0875,0.6278
kodim01.png,Ours (Blocks),25,0.19801839192708334,18.91,0.3098,0.5614,0.0543,0.6908
kodim01.png,Ours (Blocks),40,6.103515625e-05,14.7,0.236,0.2502,0.0014,0.8474
kodim01.png,Ours (Blocks),60,0.00018310546875,11.16,0.2104,0.2225,0.0,0.8855
kodim01.png,Ours (Blocks),90,0.00018310546875,11.16,0.2104,0.2225,0.0,0.8855
kodim01.png,Ours (Blocks),150,0.00018310546875,11.16,0.2104,0.2225,0.0,0.8855
kodim01.png,Ours (Blocks),250,0.00018310546875,11.16,0.2104,0.2225,0.0,0.8855
kodim01.png,JPEG,5,0.2717692057291667,22.05,0.571,0.8223,0.2011,0.5891
kodim01.png,JPEG,10,0.4398396809895833,24.77,0.7066,0.9178,0.296,0.4367
kodim01.png,JPEG,20,0.70953369140625,26.94,0.8055,0.9568,0.3895,0.2866
kodim01.png,JPEG,40,1.0945841471354167,29.12,0.874,0.9781,0.4738,0.1833
kodim01.png,JPEG,70,1.7083536783854167,31.71,0.926,0.9888,0.5648,0.1075
kodim01.png,WebP,5,0.3504231770833333,26.17,0.7281,0.9275,0.3322,0.397
kodim01.png,WebP,10,0.452880859375,27.06,0.7826,0.9474,0.3733,0.3677
kodim01.png,WebP,20,0.6460774739583334,28.46,0.8428,0.964,0.4325,0.2872
kodim01.png,WebP,40,1.0044352213541667,30.83,0.9075,0.9801,0.5195,0.1546
kodim01.png,WebP,70,1.4934488932291667,33.65,0.9493,0.9893,0.6203,0.0808
kodim02.png,Ours (Proposed),10,0.8463541666666666,21.53,0.6497,0.7735,0.1156,0.5452
kodim02.png,Ours (Proposed),25,0.0003662109375,11.75,0.4085,0.5503,0.0038,0.9758
kodim02.png,Ours (Proposed),40,0.0003662109375,11.75,0.4085,0.5503,0.0038,0.9758
kodim02.png,Ours (Proposed),60,0.0003662109375,11.75,0.4085,0.5503,0.0038,0.9758
kodim02.png,Ours (Proposed),90,0.0003662109375,11.75,0.4085,0.5503,0.0038,0.9758
kodim02.png,Ours (Proposed),150,0.0003662109375,11.75,0.4085,0.5503,0.0038,0.9758
kodim02.png,Ours (Proposed),250,0.0003662109375,11.75,0.4085,0.5503,0.0038,0.9758
kodim02.png,Standard QT (Blocks),10,0.09836832682291667,21.72,0.59,0.7265,0.0671,0.6234
kodim02.png,Standard QT (Blocks),25,0.00018310546875,12.54,0.4892,0.5876,0.0,1.0324
kodim02.png,Standard QT (Blocks),40,0.00018310546875,12.54,0.4892,0.5876,0.0,1.0324
kodim02.png,Standard QT (Blocks),60,0.00018310546875,12.54,0.4892,0.5876,0.0,1.0324
kodim02.png,Standard QT (Blocks),90,0.00018310546875,12.54,0.4892,0.5876,0.0,1.0324
kodim02.png,Standard QT (Blocks),150,0.00018310546875,12.54,0.4892,0.5876,0.0,1.0324
kodim02.png,Standard QT (Blocks),250,0.00018310546875,12.54,0.4892,0.5876,0.0,1.0324
kodim02.png,Ours (Blocks),10,0.09855143229166667,21.72,0.59,0.7265,0.0671,0.6234
kodim02.png,Ours (Blocks),25,0.00018310546875,12.54,0.4892,0.5876,0.0,1.0324
kodim02.png,Ours (Blocks),40,0.00018310546875,12.54,0.4892,0.5876,0.0,1.0324
kodim02.png,Ours (Blocks),60,0.00018310546875,12.54,0.4892,0.5876,0.0,1.0324
kodim02.png,Ours (Blocks),90,0.00018310546875,12.54,0.4892,0.5876,0.0,1.0324
kodim02.png,Ours (Blocks),150,0.00018310546875,12.54,0.4892,0.5876,0.0,1.0324
kodim02.png,Ours (Blocks),250,0.00018310546875,12.54,0.4892,0.5876,0.0,1.0324
kodim02.png,JPEG,5,0.17218017578125,23.63,0.5672,0.6738,0.1138,0.6411
kodim02.png,JPEG,10,0.22806803385416666,27.85,0.6926,0.8419,0.1936,0.5226
kodim02.png,JPEG,20,0.3519490559895833,30.01,0.7664,0.9014,0.2852,0.4095
kodim02.png,JPEG,40,0.58056640625,32.16,0.8342,0.9465,0.3812,0.2829
kodim02.png,JPEG,70,0.9961344401041666,34.39,0.8893,0.9713,0.488,0.1827
kodim02.png,WebP,5,0.11669921875,29.49,0.7293,0.8866,0.1996,0.4415
kodim02.png,WebP,10,0.14994303385416666,30.2,0.756,0.9024,0.2329,0.4083
kodim02.png,WebP,20,0.22025553385416666,31.28,0.7952,0.9218,0.2838,0.3541
kodim02.png,WebP,40,0.3710123697916667,32.79,0.84,0.9427,0.3565,0.2842
kodim02.png,WebP,70,0.6389973958333334,34.88,0.8915,0.9647,0.4692,0.209
kodim03.png,Ours (Proposed),10,1.20684814453125,27.35,0.7966,0.8863,0.2097,0.4781
kodim03.png,Ours (Proposed),25,0.3803507486979167,21.06,0.6865,0.732,0.0976,0.5925
kodim03.png,Ours (Proposed),40,0.055826822916666664,16.04,0.6092,0.5698,0.031,0.671
kodim03.png,Ours (Proposed),60,0.0003662109375,11.82,0.496,0.4887,0.0081,0.7728
kodim03.png,Ours (Proposed),90,0.0003662109375,11.82,0.496,0.4887,0.0081,0.7728
kodim03.png,Ours (Proposed),150,0.0003662109375,11.82,0.496,0.4887,0.0081,0.7728
kodim03.png,Ours (Proposed),250,0.0003662109375,11.82,0.496,0.4887,0.0081,0.7728
kodim03.png,Standard QT (Blocks),10,0.10935465494791667,25.65,0.7073,0.8356,0.1204,0.6134
kodim03.png,Standard QT (Blocks),25,0.0504150390625,20.3,0.6381,0.648,0.0515,0.6596
kodim03.png,Standard QT (Blocks),40,0.00018310546875,11.69,0.544,0.4815,0.0,0.8382
kodim03.png,Standard QT (Blocks),60,0.00018310546875,11.69,0.544,0.4815,0.0,0.8382
kodim03.png,Standard QT (Blocks),90,0.00018310546875,11.69,0.544,0.4815,0.0,0.8382
kodim03.png,Standard QT (Blocks),150,0.00018310546875,11.69,0.544,0.4815,0.0,0.8382
kodim03.png,Standard QT (Blocks),250,0.00018310546875,11.69,0.544,0.4815,0.0,0.8382
kodim03.png,Ours (Blocks),10,0.11407470703125,25.73,0.7101,0.8404,0.1244,0.6118
kodim03.png,Ours (Blocks),25,0.06321207682291667,20.6,0.6468,0.6717,0.0583,0.659
kodim03.png,Ours (Blocks),40,0.010599772135416666,16.11,0.6063,0.5002,0.0094,0.7039
kodim03.png,Ours (Blocks),60,0.00018310546875,11.69,0.544,0.4815,0.0,0.8382
kodim03.png,Ours (Blocks),90,0.00018310546875,11.69,0.544,0.4815,0.0,0.8382
kodim03.png,Ours (Blocks),150,0.00018310546875,11.69,0.544,0.4815,0.0,0.8382
kodim03.png,Ours (Blocks),250,0.00018310546875,11.69,0.544,0.4815,0.0,0.8382
kodim03.png,JPEG,5,0.17893473307291666,25.16,0.6999,0.8153,0.1881,0.6457
kodim03.png,JPEG,10,0.23954264322916666,28.56,0.7826,0.8903,0.2976,0.5516
kodim03.png,JPEG,20,0.3503621419270833,31.44,0.8542,0.9456,0.4133,0.4388
kodim03.png,JPEG,40,0.5320231119791666,33.78,0.9023,0.9715,0.5222,0.3119
kodim03.png,JPEG,70,0.84130859375,36.27,0.9384,0.9851,0.6245,0.2046
kodim03.png,WebP,5,0.11767578125,30.56,0.8239,0.9349,0.3279,0.4442
kodim03.png,WebP,10,0.14676920572916666,31.3,0.8444,0.9453,0.362,0.4163
kodim03.png,WebP,20,0.19661458333333334,32.4,0.8716,0.9579,0.4094,0.3682
kodim03.png,WebP,40,0.3043212890625,34.24,0.9057,0.9707,0.479,0.3115
kodim03.png,WebP,70,0.486572265625,36.52,0.9351,0.9814,0.5723,0.2418
kodim04.png,Ours (Proposed),10,1.75225830078125,26.95,0.7369,0.8694,0.2409,0.4411
kodim04.png,Ours (Proposed),25,0.41339111328125,19.07,0.569,0.6555,0.1072,0.6135
kodim04.png,Ours (Proposed),40,0.0296630859375,15.91,0.4972,0.4805,0.0369,0.682
kodim04.png,Ours (Proposed),60,0.0004069010416666667,10.14,0.3444,0.362,0.0055,0.8351
kodim04.png,Ours (Proposed),90,0.0004069010416666667,10.14,0.3444,0.362,0.0055,0.8351
kodim04.png,Ours (Proposed),150,0.0004069010416666667,10.14,0.3444,0.362,0.0055,0.8351
kodim04.png,Ours (Proposed),250,0.0004069010416666667,10.14,0.3444,0.362,0.0055,0.8351
kodim04.png,Standard QT (Blocks),10,0.2506510416666667,24.77,0.6102,0.7891,0.1298,0.6302
kodim04.png,Standard QT (Blocks),25,0.06606038411458333,18.23,0.511,0.5192,0.0393,0.6737
kodim04.png,Standard QT (Blocks),40,0.00022379557291666666,11.4,0.4262,0.411,0.0,0.8488
kodim04.png,Standard QT (Blocks),60,0.00022379557291666666,11.4,0.4262,0.411,0.0,0.8488
kodim04.png,Standard QT (Blocks),90,0.00022379557291666666,11.4,0.4262,0.411,0.0,0.8488
kodim04.png,Standard QT (Blocks),150,0.00022379557291666666,11.4,0.4262,0.411,0.0,0.8488
kodim04.png,Standard QT (Blocks),250,0.00022379557291666666,11.4,0.4262,0.411,0.0,0.8488
kodim04.png,Ours (Blocks),10,0.267822265625,24.94,0.6181,0.8074,0.1379,0.6286
kodim04.png,Ours (Blocks),25,0.089111328125,18.99,0.5208,0.5878,0.0501,0.6677
kodim04.png,Ours (Blocks),40,0.00640869140625,16.32,0.4902,0.4188,0.0095,0.699
kodim04.png,Ours (Blocks),60,0.00022379557291666666,11.4,0.4262,0.411,0.0,0.8488
kodim04.png,Ours (Blocks),90,0.00022379557291666666,11.4,0.4262,0.411,0.0,0.8488
kodim04.png,Ours (Blocks),150,0.00022379557291666666,11.4,0.4262,0.411,0.0,0.8488
kodim04.png,Ours (Blocks),250,0.00022379557291666666,11.4,0.4262,0.411,0.0,0.8488
kodim04.png,JPEG,5,0.18672688802083334,24.37,0.6057,0.7435,0.174,0.6616
kodim04.png,JPEG,10,0.2629191080729167,27.83,0.7229,0.8699,0.2857,0.5427
kodim04.png,JPEG,20,0.4078572591145833,30.35,0.8083,0.9319,0.3995,0.3833
kodim04.png,JPEG,40,0.6465250651041666,32.58,0.8699,0.9641,0.4974,0.2592
kodim04.png,JPEG,70,1.05047607421875,34.74,0.9135,0.9806,0.5884,0.1719
kodim04.png,WebP,5,0.1468505859375,29.18,0.7442,0.9019,0.3124,0.4197
kodim04.png,WebP,10,0.1859130859375,29.84,0.7697,0.9161,0.3431,0.387
kodim04.png,WebP,20,0.2642822265625,30.98,0.8127,0.9372,0.3915,0.3374
kodim04.png,WebP,40,0.4259033203125,32.8,0.8651,0.9594,0.465,0.2732
kodim04.png,WebP,70,0.6913248697916666,34.84,0.9072,0.9746,0.5511,0.2002
kodim05.png,Ours (Proposed),10,3.1889444986979165,21.34,0.6421,0.8708,0.2004,0.4103
kodim05.png,Ours (Proposed),25,2.1149698893229165,18.89,0.5155,0.7556,0.1431,0.526
kodim05.png,Ours (Proposed),40,0.8412882486979166,15.83,0.3272,0.47,0.0668,0.6561
kodim05.png,Ours (Proposed),60,0.0003662109375,12.68,0.1949,0.1452,0.0028,0.7763
kodim05.png,Ours (Proposed),90,0.0003662109375,12.68,0.1949,0.1452,0.0028,0.7763
kodim05.png,Ours (Proposed),150,0.0003662109375,12.68,0.1949,0.1452,0.0028,0.7763
kodim05.png,Ours (Proposed),250,0.0003662109375,12.68,0.1949,0.1452,0.0028,0.7763
kodim05.png,Standard QT (Blocks),10,0.5819295247395834,19.47,0.4152,0.7618,0.1187,0.6651
kodim05.png,Standard QT (Blocks),25,0.4297078450520833,17.82,0.3354,0.6312,0.0805,0.7143
kodim05.png,Standard QT (Blocks),40,0.14829508463541666,16.08,0.2478,0.3448,0.0278,0.7708
kodim05.png,Standard QT (Blocks),60,0.00018310546875,12.81,0.2096,0.1463,0.0,0.8221
kodim05.png,Standard QT (Blocks),90,0.00018310546875,12.81,0.2096,0.1463,0.0,0.8221
kodim05.png,Standard QT (Blocks),150,0.00018310546875,12.81,0.2096,0.1463,0.0,0.8221
kodim05.png,Standard QT (Blocks),250,0.00018310546875,12.81,0.2096,0.1463,0.0,0.8221
kodim05.png,Ours (Blocks),10,0.5839029947916666,19.47,0.4163,0.7631,0.1193,0.6635
kodim05.png,Ours (Blocks),25,0.4591471354166667,18.01,0.3501,0.6631,0.0882,0.7062
kodim05.png,Ours (Blocks),40,0.21708170572916666,15.99,0.2591,0.4132,0.0397,0.7457
kodim05.png,Ours (Blocks),60,0.00018310546875,12.81,0.2096,0.1463,0.0,0.8221
kodim05.png,Ours (Blocks),90,0.00018310546875,12.81,0.2096,0.1463,0.0,0.8221
kodim05.png,Ours (Blocks),150,0.00018310546875,12.81,0.2096,0.1463,0.0,0.8221
kodim05.png,Ours (Blocks),250,0.00018310546875,12.81,0.2096,0.1463,0.0,0.8221
kodim05.png,JPEG,5,0.3106486002604167,21.41,0.6021,0.8439,0.2314,0.5376
kodim05.png,JPEG,10,0.5044759114583334,23.95,0.7385,0.9189,0.3388,0.3917
kodim05.png,JPEG,20,0.7994384765625,26.33,0.835,0.9607,0.4393,0.2591
kodim05.png,JPEG,40,1.2269490559895833,28.75,0.8972,0.9797,0.5287,0.1673
kodim05.png,JPEG,70,1.8780924479166667,31.58,0.9404,0.9895,0.6237,0.0988
kodim05.png,WebP,5,0.4512939453125,25.86,0.7942,0.9435,0.3887,0.3049
kodim05.png,WebP,10,0.5602620442708334,26.8,0.8344,0.9574,0.4282,0.2598
kodim05.png,WebP,20,0.7500813802083334,28.27,0.8794,0.9698,0.4879,0.1961
kodim05.png,WebP,40,1.0717366536458333,30.5,0.9222,0.9815,0.5697,0.1296
kodim05.png,WebP,70,1.5504964192708333,33.11,0.9542,0.9896,0.6654,0.0721
kodim06.png,Ours (Proposed),10,2.11639404296875,23.6,0.6656,0.8342,0.1478,0.4513
kodim06.png,Ours (Proposed),25,0.762939453125,16.52,0.4577,0.6194,0.0678,0.6211
kodim06.png,Ours (Proposed),40,0.1016845703125,14.89,0.3527,0.4757,0.0274,0.7025
kodim06.png,Ours (Proposed),60,0.027506510416666668,14.28,0.3324,0.4305,0.0215,0.7331
kodim06.png,Ours (Proposed),90,0.0003662109375,9.15,0.2536,0.4409,0.005,0.8574
kodim06.png,Ours (Proposed),150,0.0003662109375,9.15,0.2536,0.4409,0.005,0.8574
kodim06.png,Ours (Proposed),250,0.0003662109375,9.15,0.2536,0.4409,0.005,0.8574
kodim06.png,Standard QT (Blocks),10,0.19643147786458334,22.09,0.5078,0.7682,0.0854,0.6328
kodim06.png,Standard QT (Blocks),25,0.12587483723958334,16.48,0.4139,0.5658,0.0358,0.6853
kodim06.png,Standard QT (Blocks),40,0.00701904296875,15.0,0.3865,0.4417,0.0111,0.719
kodim06.png,Standard QT (Blocks),60,0.0037027994791666665,14.47,0.3616,0.3852,0.0057,0.7435
kodim06.png,Standard QT (Blocks),90,0.00018310546875,8.26,0.2778,0.4107,0.0,0.9243
kodim06.png,Standard QT (Blocks),150,0.00018310546875,8.26,0.2778,0.4107,0.0,0.9243
kodim06.png,Standard QT (Blocks),250,0.00018310546875,8.26,0.2778,0.4107,0.0,0.9243
kodim06.png,Ours (Blocks),10,0.19744873046875,22.09,0.5082,0.7685,0.0857,0.6326
kodim06.png,Ours (Blocks),25,0.13104248046875,16.49,0.4158,0.57,0.0374,0.6853
kodim06.png,Ours (Blocks),40,0.00701904296875,15.0,0.3865,0.4417,0.0111,0.719
kodim06.png,Ours (Blocks),60,0.0037027994791666665,14.47,0.3616,0.3852,0.0057,0.7435
kodim06.png,Ours (Blocks),90,0.00018310546875,8.26,0.2778,0.4107,0.0,0.9243
kodim06.png,Ours (Blocks),150,0.00018310546875,8.26,0.2778,0.4107,0.0,0.9243
kodim06.png,Ours (Blocks),250,0.00018310546875,8.26,0.2778,0.4107,0.0,0.9243
kodim06.png,JPEG,5,0.22462972005208334,22.99,0.6016,0.7772,0.1501,0.6488
kodim06.png,JPEG,10,0.3553263346354167,25.69,0.7276,0.88,0.2505,0.4983
kodim06.png,JPEG,20,0.5673624674479166,28.11,0.823,0.9449,0.3538,0.3644
kodim06.png,JPEG,40,0.8817545572916666,30.38,0.8861,0.9727,0.4469,0.2399
kodim06.png,JPEG,70,1.3771158854166667,33.11,0.9309,0.9859,0.5478,0.1495
kodim06.png,WebP,5,0.2584635416666667,27.12,0.7482,0.911,0.2678,0.392
kodim06.png,WebP,10,0.3424886067708333,28.04,0.7957,0.9324,0.3117,0.3547
kodim06.png,WebP,20,0.4761149088541667,29.47,0.8508,0.9532,0.3761,0.2989
kodim06.png,WebP,40,0.747802734375,31.76,0.905,0.9715,0.4723,0.2144
kodim06.png,WebP,70,1.1007486979166667,34.13,0.9369,0.9817,0.5648,0.1464
kodim07.png,Ours (Proposed),10,1.8637491861979167,25.87,0.8127,0.9086,0.315,0.3882
kodim07.png,Ours (Proposed),25,0.8217366536458334,18.0,0.6149,0.6787,0.1447,0.5784
kodim07.png,Ours (Proposed),40,0.0003662109375,10.61,0.3388,0.2886,0.0039,0.8061
kodim07.png,Ours (Proposed),60,0.0003662109375,10.61,0.3388,0.2886,0.0039,0.8061
kodim07.png,Ours (Proposed),90,0.0003662109375,10.61,0.3388,0.2886,0.0039,0.8061
kodim07.png,Ours (Proposed),150,0.0003662109375,10.61,0.3388,0.2886,0.0039,0.8061
kodim07.png,Ours (Proposed),250,0.0003662109375,10.61,0.3388,0.2886,0.0039,0.8061
kodim07.png,Standard QT (Blocks),10,0.23282877604166666,23.43,0.6579,0.8384,0.1668,0.6117
kodim07.png,Standard QT (Blocks),25,0.13515218098958334,17.77,0.5319,0.6067,0.0732,0.6789
kodim07.png,Standard QT (Blocks),40,0.00018310546875,11.3,0.3867,0.3024,0.0,0.8638
kodim07.png,Standard QT (Blocks),60,0.00018310546875,11.3,0.3867,0.3024,0.0,0.8638
kodim07.png,Standard QT (Blocks),90,0.00018310546875,11.3,0.3867,0.3024,0.0,0.8638
kodim07.png,Standard QT (Blocks),150,0.00018310546875,11.3,0.3867,0.3024,0.0,0.8638
kodim07.png,Standard QT (Blocks),250,0.00018310546875,11.3,0.3867,0.3024,0.0,0.8638
kodim07.png,Ours (Blocks),10,0.23539225260416666,23.43,0.658,0.8386,0.1669,0.6112
kodim07.png,Ours (Blocks),25,0.14204915364583334,17.79,0.5333,0.6097,0.0745,0.6781
kodim07.png,Ours (Blocks),40,0.00018310546875,11.3,0.3867,0.3024,0.0,0.8638
kodim07.png,Ours (Blocks),60,0.00018310546875,11.3,0.3867,0.3024,0.0,0.8638
kodim07.png,Ours (Blocks),90,0.00018310546875,11.3,0.3867,0.3024,0.0,0.8638
kodim07.png,Ours (Blocks),150,0.00018310546875,11.3,0.3867,0.3024,0.0,0.8638
kodim07.png,Ours (Blocks),250,0.00018310546875,11.3,0.3867,0.3024,0.0,0.8638
kodim07.png,JPEG,5,0.22049967447916666,24.31,0.7398,0.8574,0.274,0.597
kodim07.png,JPEG,10,0.310302734375,27.71,0.8252,0.9287,0.406,0.4582
kodim07.png,JPEG,20,0.4541829427083333,30.67,0.889,0.9652,0.5234,0.3303
kodim07.png,JPEG,40,0.6661173502604166,33.12,0.9256,0.9817,0.6222,0.238
kodim07.png,JPEG,70,1.01263427734375,35.7,0.9519,0.9902,0.7096,0.1637
kodim07.png,WebP,5,0.19608561197916666,29.51,0.8668,0.9547,0.4353,0.3374
kodim07.png,WebP,10,0.23299153645833334,30.4,0.8851,0.9624,0.4742,0.3088
kodim07.png,WebP,20,0.2982584635416667,31.69,0.9084,0.9724,0.5273,0.2724
kodim07.png,WebP,40,0.4292399088541667,33.78,0.9342,0.982,0.6056,0.2207
kodim07.png,WebP,70,0.6193033854166666,35.97,0.953,0.9882,0.6816,0.177
kodim08.png,Ours (Proposed),10,3.1949055989583335,18.81,0.6054,0.8342,0.1726,0.3982
kodim08.png,Ours (Proposed),25,2.34246826171875,18.28,0.5254,0.7591,0.1397,0.4857
kodim08.png,Ours (Proposed),40,1.3761393229166667,16.44,0.4087,0.6179,0.0941,0.5908
kodim08.png,Ours (Proposed),60,0.20900472005208334,11.97,0.2299,0.3002,0.0278,0.7483
kodim08.png,Ours (Proposed),90,0.0003662109375,8.26,0.1509,0.1446,0.0025,0.7974
kodim08.png,Ours (Proposed),150,0.0003662109375,8.26,0.1509,0.1446,0.0025,0.7974
kodim08.png,Ours (Proposed),250,0.0003662109375,8.26,0.1509,0.1446,0.0025,0.7974
kodim08.png,Standard QT (Blocks),10,0.6268107096354166,17.11,0.3881,0.7217,0.1012,0.6298
kodim08.png,Standard QT (Blocks),25,0.5100301106770834,16.8,0.3451,0.6497,0.0822,0.6627
kodim08.png,Standard QT (Blocks),40,0.2961629231770833,15.64,0.2896,0.5206,0.055,0.7008
kodim08.png,Standard QT (Blocks),60,0.044637044270833336,12.01,0.2043,0.2375,0.0119,0.7937
kodim08.png,Standard QT (Blocks),90,0.00018310546875,8.5,0.1696,0.1418,0.0,0.8356
kodim08.png,Standard QT (Blocks),150,0.00018310546875,8.5,0.1696,0.1418,0.0,0.8356
kodim08.png,Standard QT (Blocks),250,0.00018310546875,8.5,0.1696,0.1418,0.0,0.8356
kodim08.png,Ours (Blocks),10,0.6277669270833334,17.11,0.3883,0.7218,0.1012,0.6295
kodim08.png,Ours (Blocks),25,0.516357421875,16.84,0.3466,0.6522,0.0828,0.6628
kodim08.png,Ours (Blocks),40,0.3053385416666667,15.67,0.2906,0.526,0.056,0.7004
kodim08.png,Ours (Blocks),60,0.045674641927083336,12.02,0.2046,0.2383,0.0122,0.7939
kodim08.png,Ours (Blocks),90,0.00018310546875,8.5,0.1696,0.1418,0.0,0.8356
kodim08.png,Ours (Blocks),150,0.00018310546875,8.5,0.1696,0.1418,0.0,0.8356
kodim08.png,Ours (Blocks),250,0.00018310546875,8.5,0.1696,0.1418,0.0,0.8356
kodim08.png,JPEG,5,0.34326171875,21.34,0.6604,0.8824,0.2613,0.5096
kodim08.png,JPEG,10,0.5213826497395834,23.65,0.7636,0.9355,0.3518,0.3691
kodim08.png,JPEG,20,0.8068440755208334,26.02,0.8408,0.9662,0.4407,0.2607
kodim08.png,JPEG,40,1.22894287109375,28.57,0.8966,0.9826,0.5248,0.1762
kodim08.png,JPEG,70,1.8863118489583333,31.44,0.9363,0.9908,0.6136,0.1094
kodim08.png,WebP,5,0.49560546875,25.94,0.8139,0.953,0.4136,0.2972
kodim08.png,WebP,10,0.6102701822916666,26.92,0.847,0.9633,0.45,0.2566
kodim08.png,WebP,20,0.80517578125,28.5,0.8838,0.9734,0.5066,0.2054
kodim08.png,WebP,40,1.1448974609375,30.79,0.9232,0.9842,0.5833,0.1447
kodim08.png,WebP,70,1.6312255859375,33.37,0.9526,0.9909,0.67,0.0872
kodim09.png,Ours (Proposed),10,1.3979288736979167,25.67,0.7876,0.8878,0.2025,0.4993
kodim09.png,Ours (Proposed),25,0.5105387369791666,19.09,0.6599,0.7068,0.1103,0.6096
kodim09.png,Ours (Proposed),40,0.20054117838541666,15.03,0.5894,0.6014,0.0604,0.6698
kodim09.png,Ours (Proposed),60,0.0004069010416666667,8.74,0.3798,0.4445,0.0037,0.8126
kodim09.png,Ours (Proposed),90,0.0004069010416666667,8.74,0.3798,0.4445,0.0037,0.8126
kodim09.png,Ours (Proposed),150,0.0004069010416666667,8.74,0.3798,0.4445,0.0037,0.8126
kodim09.png,Ours (Proposed),250,0.0004069010416666667,8.74,0.3798,0.4445,0.0037,0.8126
kodim09.png,Standard QT (Blocks),10,0.15555826822916666,23.43,0.6769,0.8133,0.1109,0.625
kodim09.png,Standard QT (Blocks),25,0.09737141927083333,18.89,0.6126,0.6368,0.0538,0.6798
kodim09.png,Standard QT (Blocks),40,0.00022379557291666666,9.1,0.421,0.4624,0.0,0.8231
kodim09.png,Standard QT (Blocks),60,0.00022379557291666666,9.1,0.421,0.4624,0.0,0.8231
kodim09.png,Standard QT (Blocks),90,0.00022379557291666666,9.1,0.421,0.4624,0.0,0.8231
kodim09.png,Standard QT (Blocks),150,0.00022379557291666666,9.1,0.421,0.4624,0.0,0.8231
kodim09.png,Standard QT (Blocks),250,0.00022379557291666666,9.1,0.421,0.4624,0.0,0.8231
kodim09.png,Ours (Blocks),10,0.16288248697916666,23.64,0.6814,0.8258,0.1155,0.622
kodim09.png,Ours (Blocks),25,0.11100260416666667,19.17,0.6178,0.6517,0.0595,0.676
kodim09.png,Ours (Blocks),40,0.049296061197916664,15.27,0.5686,0.5538,0.027,0.716
kodim09.png,Ours (Blocks),60,0.00022379557291666666,9.1,0.421,0.4624,0.0,0.8231
kodim09.png,Ours (Blocks),90,0.00022379557291666666,9.1,0.421,0.4624,0.0,0.8231
kodim09.png,Ours (Blocks),150,0.00022379557291666666,9.1,0.421,0.4624,0.0,0.8231
kodim09.png,Ours (Blocks),250,0.00022379557291666666,9.1,0.421,0.4624,0.0,0.8231
kodim09.png,JPEG,5,0.19775390625,25.8,0.7472,0.856,0.2117,0.6582
kodim09.png,JPEG,10,0.2668863932291667,28.55,0.8147,0.9157,0.3105,0.5821
kodim09.png,JPEG,20,0.3787434895833333,31.36,0.8676,0.953,0.4079,0.442
kodim09.png,JPEG,40,0.5489705403645834,33.79,0.9049,0.9758,0.4921,0.3262
kodim09.png,JPEG,70,0.8582967122395834,36.14,0.9292,0.9854,0.575,0.231
kodim09.png,WebP,5,0.1456298828125,30.3,0.8376,0.9471,0.3256,0.4279
kodim09.png,WebP,10,0.176025390625,31.18,0.8575,0.9559,0.3613,0.4017
kodim09.png,WebP,20,0.23006184895833334,32.45,0.8821,0.966,0.4099,0.3679
kodim09.png,WebP,40,0.3424479166666667,34.37,0.9099,0.9767,0.4776,0.3203
kodim09.png,WebP,70,0.503662109375,36.36,0.9282,0.9831,0.5493,0.2709
kodim10.png,Ours (Proposed),10,1.4873453776041667,26.13,0.7526,0.865,0.199,0.4914
kodim10.png,Ours (Proposed),25,0.3872273763020833,19.13,0.6126,0.6572,0.0768,0.6261
kodim10.png,Ours (Proposed),40,0.0004069010416666667,9.54,0.3918,0.4205,0.0051,0.7882
kodim10.png,Ours (Proposed),60,0.0004069010416666667,9.54,0.3918,0.4205,0.0051,0.7882
kodim10.png,Ours (Proposed),90,0.0004069010416666667,9.54,0.3918,0.4205,0.0051,0.7882
kodim10.png,Ours (Proposed),150,0.0004069010416666667,9.54,0.3918,0.4205,0.0051,0.7882
kodim10.png,Ours (Proposed),250,0.0004069010416666667,9.54,0.3918,0.4205,0.0051,0.7882
kodim10.png,Standard QT (Blocks),10,0.18033854166666666,24.07,0.6373,0.8002,0.1141,0.6297
kodim10.png,Standard QT (Blocks),25,0.0758056640625,18.98,0.5688,0.5953,0.0388,0.6702
kodim10.png,Standard QT (Blocks),40,0.00022379557291666666,10.02,0.4187,0.4323,0.0,0.8159
kodim10.png,Standard QT (Blocks),60,0.00022379557291666666,10.02,0.4187,0.4323,0.0,0.8159
kodim10.png,Standard QT (Blocks),90,0.00022379557291666666,10.02,0.4187,0.4323,0.0,0.8159
kodim10.png,Standard QT (Blocks),150,0.00022379557291666666,10.02,0.4187,0.4323,0.0,0.8159
kodim10.png,Standard QT (Blocks),250,0.00022379557291666666,10.02,0.4187,0.4323,0.0,0.8159
kodim10.png,Ours (Blocks),10,0.18033854166666666,24.07,0.6373,0.8002,0.1141,0.6297
kodim10.png,Ours (Blocks),25,0.07613118489583333,18.99,0.5689,0.5963,0.0389,0.6704
kodim10.png,Ours (Blocks),40,0.00022379557291666666,10.02,0.4187,0.4323,0.0,0.8159
kodim10.png,Ours (Blocks),60,0.00022379557291666666,10.02,0.4187,0.4323,0.0,0.8159
kodim10.png,Ours (Blocks),90,0.00022379557291666666,10.02,0.4187,0.4323,0.0,0.8159
kodim10.png,Ours (Blocks),150,0.00022379557291666666,10.02,0.4187,0.4323,0.0,0.8159
kodim10.png,Ours (Blocks),250,0.00022379557291666666,10.02,0.4187,0.4323,0.0,0.8159
kodim10.png,JPEG,5,0.19706217447916666,25.03,0.6931,0.8129,0.199,0.6979
kodim10.png,JPEG,10,0.2728271484375,28.21,0.7831,0.8979,0.3099,0.5466
kodim10.png,JPEG,20,0.4007364908854167,30.95,0.8497,0.9469,0.4195,0.3997
kodim10.png,JPEG,40,0.6045939127604166,33.42,0.8964,0.9737,0.5152,0.271
kodim10.png,JPEG,70,0.9590657552083334,35.87,0.9284,0.9853,0.6066,0.1847
kodim10.png,WebP,5,0.1630859375,30.06,0.812,0.9339,0.3271,0.4347
kodim10.png,WebP,10,0.1986083984375,30.91,0.8374,0.9467,0.366,0.3985
kodim10.png,WebP,20,0.2679443359375,32.14,0.8682,0.9597,0.4224,0.3475
kodim10.png,WebP,40,0.3929443359375,34.01,0.9007,0.9722,0.4985,0.2804
kodim10.png,WebP,70,0.5913492838541666,35.98,0.9246,0.981,0.5769,0.2207
kodim11.png,Ours (Proposed),10,1.7977091471354167,23.96,0.6513,0.8319,0.1649,0.4679
kodim11.png,Ours (Proposed),25,0.7817586263020834,15.8,0.5054,0.6727,0.1013,0.6146
kodim11.png,Ours (Proposed),40,0.2125244140625,14.69,0.4053,0.4984,0.0447,0.6929
kodim11.png,Ours (Proposed),60,0.0003662109375,11.49,0.2992,0.3227,0.0035,0.7838
kodim11.png,Ours (Proposed),90,0.0003662109375,11.49,0.2992,0.3227,0.0035,0.7838
kodim11.png,Ours (Proposed),150,0.0003662109375,11.49,0.2992,0.3227,0.0035,0.7838
kodim11.png,Ours (Proposed),250,0.0003662109375,11.49,0.2992,0.3227,0.0035,0.7838
kodim11.png,Standard QT (Blocks),10,0.2671101888020833,22.56,0.5349,0.7827,0.1054,0.613
kodim11.png,Standard QT (Blocks),25,0.1534423828125,16.15,0.4402,0.6299,0.06,0.6867
kodim11.png,Standard QT (Blocks),40,0.026224772135416668,14.28,0.3781,0.4322,0.0158,0.7368
kodim11.png,Standard QT (Blocks),60,0.00018310546875,12.63,0.3472,0.3525,0.0,0.8443
kodim11.png,Standard QT (Blocks),90,0.00018310546875,12.63,0.3472,0.3525,0.0,0.8443
kodim11.png,Standard QT (Blocks),150,0.00018310546875,12.63,0.3472,0.3525,0.0,0.8443
kodim11.png,Standard QT (Blocks),250,0.00018310546875,12.63,0.3472,0.3525,0.0,0.8443
kodim11.png,Ours (Blocks),10,0.2682291666666667,22.56,0.5352,0.7829,0.1057,0.6127
kodim11.png,Ours (Blocks),25,0.15810139973958334,16.16,0.4414,0.6323,0.0608,0.686
kodim11.png,Ours (Blocks),40,0.04974365234375,15.06,0.3822,0.4646,0.0217,0.7313
kodim11.png,Ours (Blocks),60,0.00018310546875,12.63,0.3472,0.3525,0.0,0.8443
kodim11.png,Ours (Blocks),90,0.00018310546875,12.63,0.3472,0.3525,0.0,0.8443
kodim11.png,Ours (Blocks),150,0.00018310546875,12.63,0.3472,0.3525,0.0,0.8443
kodim11.png,Ours (Blocks),250,0.00018310546875,12.63,0.3472,0.3525,0.0,0.8443
kodim11.png,JPEG,5,0.2164306640625,23.8,0.5984,0.7959,0.1904,0.6113
kodim11.png,JPEG,10,0.3156534830729167,26.32,0.7054,0.8857,0.2773,0.5029
kodim11.png,JPEG,20,0.5067545572916666,28.76,0.8091,0.945,0.3795,0.3612
kodim11.png,JPEG,40,0.8059285481770834,30.95,0.8742,0.971,0.4722,0.2498
kodim11.png,JPEG,70,1.2748209635416667,33.57,0.9217,0.9851,0.5688,0.1653
kodim11.png,WebP,5,0.21630859375,27.94,0.7395,0.917,0.3002,0.4065
kodim11.png,WebP,10,0.2798665364583333,28.82,0.7796,0.9336,0.3416,0.3753
kodim11.png,WebP,20,0.3958740234375,30.1,0.831,0.9509,0.4004,0.3227
kodim11.png,WebP,40,0.6271158854166666,32.24,0.8833,0.9672,0.4866,0.2485
kodim11.png,WebP,70,0.9602864583333334,34.6,0.9275,0.9815,0.5857,0.1806
kodim12.png,Ours (Proposed),10,1.0585530598958333,26.8,0.7459,0.8578,0.1471,0.4964
kodim12.png,Ours (Proposed),25,0.3273518880208333,11.97,0.5453,0.6672,0.0861,0.6449
kodim12.png,Ours (Proposed),40,0.16558837890625,11.71,0.5179,0.6175,0.0674,0.6734
kodim12.png,Ours (Proposed),60,0.0003662109375,6.59,0.3025,0.5199,0.0068,0.8919
kodim12.png,Ours (Proposed),90,0.0003662109375,6.59,0.3025,0.5199,0.0068,0.8919
kodim12.png,Ours (Proposed),150,0.0003662109375,6.59,0.3025,0.5199,0.0068,0.8919
kodim12.png,Ours (Proposed),250,0.0003662109375,6.59,0.3025,0.5199,0.0068,0.8919
kodim12.png,Standard QT (Blocks),10,0.10001627604166667,24.5,0.6696,0.8229,0.0862,0.6081
kodim12.png,Standard QT (Blocks),25,0.0606689453125,12.38,0.5464,0.6496,0.0424,0.6827
kodim12.png,Standard QT (Blocks),40,0.032491048177083336,12.11,0.5326,0.6004,0.0278,0.6974
kodim12.png,Standard QT (Blocks),60,0.00018310546875,6.8,0.3742,0.5452,0.0,0.9734
kodim12.png,Standard QT (Blocks),90,0.00018310546875,6.8,0.3742,0.5452,0.0,0.9734
kodim12.png,Standard QT (Blocks),150,0.00018310546875,6.8,0.3742,0.5452,0.0,0.9734
kodim12.png,Standard QT (Blocks),250,0.00018310546875,6.8,0.3742,0.5452,0.0,0.9734
kodim12.png,Ours (Blocks),10,0.10201009114583333,24.52,0.6702,0.8242,0.0868,0.6069
kodim12.png,Ours (Blocks),25,0.06569417317708333,12.39,0.5476,0.654,0.0444,0.6827
kodim12.png,Ours (Blocks),40,0.03521728515625,12.12,0.5335,0.6037,0.0292,0.6967
kodim12.png,Ours (Blocks),60,0.00018310546875,6.8,0.3742,0.5452,0.0,0.9734
kodim12.png,Ours (Blocks),90,0.00018310546875,6.8,0.3742,0.5452,0.0,0.9734
kodim12.png,Ours (Blocks),150,0.00018310546875,6.8,0.3742,0.5452,0.0,0.9734
kodim12.png,Ours (Blocks),250,0.00018310546875,6.8,0.3742,0.5452,0.0,0.9734
kodim12.png,JPEG,5,0.17962646484375,25.81,0.6811,0.8039,0.1412,0.6176
kodim12.png,JPEG,10,0.23724365234375,28.71,0.7582,0.8818,0.2335,0.5467
kodim12.png,JPEG,20,0.36053466796875,31.33,0.8306,0.936,0.3407,0.4316
kodim12.png,JPEG,40,0.5686442057291666,33.85,0.8873,0.9691,0.447,0.2847
kodim12.png,JPEG,70,0.9153849283854166,36.25,0.9256,0.9835,0.5509,0.1869
kodim12.png,WebP,5,0.11604817708333333,30.39,0.7808,0.9167,0.2396,0.4532
kodim12.png,WebP,10,0.14823404947916666,31.17,0.8071,0.9309,0.2754,0.4162
kodim12.png,WebP,20,0.21207682291666666,32.36,0.8409,0.9473,0.3308,0.3608
kodim12.png,WebP,40,0.336669921875,34.17,0.8812,0.9638,0.4079,0.3014
kodim12.png,WebP,70,0.5449625651041666,36.13,0.9153,0.9762,0.4995,0.2315
kodim13.png,Ours (Proposed),10,3.4493204752604165,20.14,0.5386,0.8069,0.1378,0.4955
kodim13.png,Ours (Proposed),25,1.6555989583333333,18.97,0.384,0.6187,0.0785,0.6527
kodim13.png,Ours (Proposed),40,0.66998291015625,15.64,0.26,0.4295,0.0381,0.7275
kodim13.png,Ours (Proposed),60,0.0003662109375,9.78,0.1429,0.2133,0.0027,0.827
kodim13.png,Ours (Proposed),90,0.0003662109375,9.78,0.1429,0.2133,0.0027,0.827
kodim13.png,Ours (Proposed),150,0.0003662109375,9.78,0.1429,0.2133,0.0027,0.827
kodim13.png,Ours (Proposed),250,0.0003662109375,9.78,0.1429,0.2133,0.0027,0.827
kodim13.png,Standard QT (Blocks),10,0.6179606119791666,18.96,0.3355,0.7089,0.0855,0.7165
kodim13.png,Standard QT (Blocks),25,0.3810017903645833,18.26,0.2659,0.555,0.0483,0.7512
kodim13.png,Standard QT (Blocks),40,0.16387939453125,15.82,0.2056,0.3816,0.0209,0.7816
kodim13.png,Standard QT (Blocks),60,0.00018310546875,10.48,0.1546,0.2192,0.0,0.8848
kodim13.png,Standard QT (Blocks),90,0.00018310546875,10.48,0.1546,0.2192,0.0,0.8848
kodim13.png,Standard QT (Blocks),150,0.00018310546875,10.48,0.1546,0.2192,0.0,0.8848
kodim13.png,Standard QT (Blocks),250,0.00018310546875,10.48,0.1546,0.2192,0.0,0.8848
kodim13.png,Ours (Blocks),10,0.6179606119791666,18.96,0.3355,0.7089,0.0855,0.7165
kodim13.png,Ours (Blocks),25,0.3810017903645833,18.26,0.2659,0.555,0.0483,0.7512
kodim13.png,Ours (Blocks),40,0.16387939453125,15.82,0.2056,0.3816,0.0209,0.7816
kodim13.png,Ours (Blocks),60,0.00018310546875,10.48,0.1546,0.2192,0.0,0.8848
kodim13.png,Ours (Blocks),90,0.00018310546875,10.48,0.1546,0.2192,0.0,0.8848
kodim13.png,Ours (Blocks),150,0.00018310546875,10.48,0.1546,0.2192,0.0,0.8848
kodim13.png,Ours (Blocks),250,0.00018310546875,10.48,0.1546,0.2192,0.0,0.8848
kodim13.png,JPEG,5,0.2945556640625,20.77,0.5165,0.7993,0.164,0.6739
kodim13.png,JPEG,10,0.5034586588541666,22.8,0.6665,0.8943,0.2565,0.5113
kodim13.png,JPEG,20,0.8360188802083334,24.67,0.7768,0.9459,0.3442,0.3467
kodim13.png,JPEG,40,1.3241170247395833,26.79,0.8538,0.9708,0.4236,0.2331
kodim13.png,JPEG,70,2.1017049153645835,29.7,0.9151,0.985,0.5175,0.1369
kodim13.png,WebP,5,0.534423828125,24.5,0.7057,0.9178,0.2925,0.4488
kodim13.png,WebP,10,0.699462890625,25.45,0.7709,0.9392,0.3367,0.4032
kodim13.png,WebP,20,0.9892578125,27.07,0.8449,0.9591,0.4039,0.2981
kodim13.png,WebP,40,1.472900390625,29.79,0.9125,0.9759,0.5064,0.1753
kodim13.png,WebP,70,2.0944417317708335,32.65,0.9543,0.9863,0.6201,0.0994
kodim14.png,Ours (Proposed),10,2.6803181966145835,24.03,0.6658,0.8729,0.2086,0.4383
kodim14.png,Ours (Proposed),25,1.0359293619791667,20.06,0.4581,0.6447,0.1031,0.6014
kodim14.png,Ours (Proposed),40,0.38043212890625,17.4,0.3589,0.4812,0.0551,0.6927
kodim14.png,Ours (Proposed),60,0.0003662109375,11.77,0.2435,0.2409,0.0047,0.8062
kodim14.png,Ours (Proposed),90,0.0003662109375,11.77,0.2435,0.2409,0.0047,0.8062
kodim14.png,Ours (Proposed),150,0.0003662109375,11.77,0.2435,0.2409,0.0047,0.8062
kodim14.png,Ours (Proposed),250,0.0003662109375,11.77,0.2435,0.2409,0.0047,0.8062
kodim14.png,Standard QT (Blocks),10,0.4038492838541667,22.23,0.4911,0.7954,0.1288,0.6744
kodim14.png,Standard QT (Blocks),25,0.232421875,19.63,0.3704,0.573,0.0548,0.7139
kodim14.png,Standard QT (Blocks),40,0.060160319010416664,17.0,0.3149,0.3838,0.0177,0.7674
kodim14.png,Standard QT (Blocks),60,0.00018310546875,11.8,0.2743,0.2371,0.0,0.8613
kodim14.png,Standard QT (Blocks),90,0.00018310546875,11.8,0.2743,0.2371,0.0,0.8613
kodim14.png,Standard QT (Blocks),150,0.00018310546875,11.8,0.2743,0.2371,0.0,0.8613
kodim14.png,Standard QT (Blocks),250,0.00018310546875,11.8,0.2743,0.2371,0.0,0.8613
kodim14.png,Ours (Blocks),10,0.4087117513020833,22.24,0.4922,0.7965,0.1296,0.6728
kodim14.png,Ours (Blocks),25,0.2661539713541667,19.87,0.3805,0.5934,0.0605,0.7081
kodim14.png,Ours (Blocks),40,0.1055908203125,17.29,0.3241,0.4196,0.0249,0.7599
kodim14.png,Ours (Blocks),60,0.00018310546875,11.8,0.2743,0.2371,0.0,0.8613
kodim14.png,Ours (Blocks),90,0.00018310546875,11.8,0.2743,0.2371,0.0,0.8613
kodim14.png,Ours (Blocks),150,0.00018310546875,11.8,0.2743,0.2371,0.0,0.8613
kodim14.png,Ours (Blocks),250,0.00018310546875,11.8,0.2743,0.2371,0.0,0.8613
kodim14.png,JPEG,5,0.23642985026041666,22.61,0.557,0.7909,0.1881,0.6519
kodim14.png,JPEG,10,0.3772176106770833,25.17,0.6942,0.8913,0.2952,0.5019
kodim14.png,JPEG,20,0.6292928059895834,27.52,0.7997,0.9451,0.4005,0.3422
kodim14.png,JPEG,40,0.9936930338541666,29.58,0.8685,0.9707,0.4912,0.2304
kodim14.png,JPEG,70,1.5634562174479167,32.0,0.918,0.9843,0.5817,0.1461
kodim14.png,WebP,5,0.3058268229166667,26.59,0.7248,0.9145,0.3223,0.404
kodim14.png,WebP,10,0.3919270833333333,27.43,0.7695,0.9316,0.3624,0.359
kodim14.png,WebP,20,0.5418701171875,28.76,0.8247,0.9516,0.4207,0.2956
kodim14.png,WebP,40,0.8391927083333334,30.92,0.8864,0.9714,0.5075,0.2128
kodim14.png,WebP,70,1.2667643229166667,33.22,0.9295,0.9834,0.6014,0.1329
kodim15.png,Ours (Proposed),10,1.3841756184895833,24.97,0.7553,0.8868,0.206,0.4515
kodim15.png,Ours (Proposed),25,0.5925699869791666,19.76,0.6576,0.7432,0.1175,0.5575
kodim15.png,Ours (Proposed),40,0.3089599609375,16.03,0.5838,0.6076,0.0821,0.6334
kodim15.png,Ours (Proposed),60,0.13057454427083334,14.34,0.5475,0.5596,0.0598,0.6682
kodim15.png,Ours (Proposed),90,0.0003662109375,7.63,0.3932,0.4297,0.0042,0.8147
kodim15.png,Ours (Proposed),150,0.0003662109375,7.63,0.3932,0.4297,0.0042,0.8147
kodim15.png,Ours (Proposed),250,0.0003662109375,7.63,0.3932,0.4297,0.0042,0.8147
kodim15.png,Standard QT (Blocks),10,0.18556722005208334,22.87,0.6657,0.8309,0.1217,0.5904
kodim15.png,Standard QT (Blocks),25,0.0533447265625,19.2,0.5985,0.6732,0.0625,0.6477
kodim15.png,Standard QT (Blocks),40,0.032877604166666664,15.88,0.5581,0.5522,0.0379,0.6922
kodim15.png,Standard QT (Blocks),60,0.006591796875,13.51,0.5207,0.49,0.0181,0.7295
kodim15.png,Standard QT (Blocks),90,0.00018310546875,8.04,0.4437,0.4451,0.0,0.8692
kodim15.png,Standard QT (Blocks),150,0.00018310546875,8.04,0.4437,0.4451,0.0,0.8692
kodim15.png,Standard QT (Blocks),250,0.00018310546875,8.04,0.4437,0.4451,0.0,0.8692
kodim15.png,Ours (Blocks),10,0.18483479817708334,22.93,0.6706,0.8398,0.1286,0.5879
kodim15.png,Ours (Blocks),25,0.06669108072916667,19.47,0.6107,0.6981,0.0724,0.6314
kodim15.png,Ours (Blocks),40,0.04510498046875,16.27,0.5686,0.5791,0.045,0.6846
kodim15.png,Ours (Blocks),60,0.018880208333333332,14.36,0.544,0.5197,0.026,0.7073
kodim15.png,Ours (Blocks),90,0.00018310546875,8.04,0.4437,0.4451,0.0,0.8692
kodim15.png,Ours (Blocks),150,0.00018310546875,8.04,0.4437,0.4451,0.0,0.8692
kodim15.png,Ours (Blocks),250,0.00018310546875,8.04,0.4437,0.4451,0.0,0.8692
kodim15.png,JPEG,5,0.19447835286458334,24.7,0.6732,0.7981,0.1944,0.6021
kodim15.png,JPEG,10,0.2589518229166667,27.82,0.7478,0.8785,0.2899,0.5253
kodim15.png,JPEG,20,0.38592529296875,30.23,0.8212,0.9355,0.3879,0.4086
kodim15.png,JPEG,40,0.5952962239583334,32.34,0.8762,0.965,0.4767,0.2804
kodim15.png,JPEG,70,0.9596354166666666,34.72,0.9166,0.9805,0.567,0.1953
kodim15.png,WebP,5,0.13285319010416666,29.45,0.7851,0.9251,0.3105,0.4126
kodim15.png,WebP,10,0.168212890625,30.11,0.8042,0.9341,0.339,0.388
kodim15.png,WebP,20,0.23441569010416666,31.15,0.8346,0.9472,0.3825,0.3475
kodim15.png,WebP,40,0.3846435546875,32.99,0.8777,0.9635,0.4563,0.2896
kodim15.png,WebP,70,0.6214192708333334,35.07,0.9136,0.9762,0.5423,0.2274
kodim16.png,Ours (Proposed),10,1.4635009765625,26.38,0.7021,0.8414,0.1664,0.5062
kodim16.png,Ours (Proposed),25,0.21022542317708334,21.19,0.5344,0.6474,0.068,0.6619
kodim16.png,Ours (Proposed),40,0.04986572265625,19.43,0.5108,0.5748,0.0385,0.6914
kodim16.png,Ours (Proposed),60,0.0003662109375,12.35,0.4,0.4918,0.0068,0.7347
kodim16.png,Ours (Proposed),90,0.0003662109375,12.35,0.4,0.4918,0.0068,0.7347
kodim16.png,Ours (Proposed),150,0.0003662109375,12.35,0.4,0.4918,0.0068,0.7347
kodim16.png,Ours (Proposed),250,0.0003662109375,12.35,0.4,0.4918,0.0068,0.7347
kodim16.png,Standard QT (Blocks),10,0.06502278645833333,25.32,0.5895,0.7902,0.0968,0.6618
kodim16.png,Standard QT (Blocks),25,0.036824544270833336,21.92,0.5228,0.5997,0.0316,0.6987
kodim16.png,Standard QT (Blocks),40,0.0035807291666666665,18.94,0.506,0.4772,0.0084,0.7131
kodim16.png,Standard QT (Blocks),60,0.00018310546875,11.51,0.4086,0.4725,0.0,0.8014
kodim16.png,Standard QT (Blocks),90,0.00018310546875,11.51,0.4086,0.4725,0.0,0.8014
kodim16.png,Standard QT (Blocks),150,0.00018310546875,11.51,0.4086,0.4725,0.0,0.8014
kodim16.png,Standard QT (Blocks),250,0.00018310546875,11.51,0.4086,0.4725,0.0,0.8014
kodim16.png,Ours (Blocks),10,0.0653076171875,25.32,0.5896,0.7903,0.0969,0.6618
kodim16.png,Ours (Blocks),25,0.043050130208333336,21.95,0.5239,0.6032,0.0326,0.6977
kodim16.png,Ours (Blocks),40,0.01123046875,19.43,0.5089,0.5089,0.012,0.7142
kodim16.png,Ours (Blocks),60,0.00018310546875,11.51,0.4086,0.4725,0.0,0.8014
kodim16.png,Ours (Blocks),90,0.00018310546875,11.51,0.4086,0.4725,0.0,0.8014
kodim16.png,Ours (Blocks),150,0.00018310546875,11.51,0.4086,0.4725,0.0,0.8014
kodim16.png,Ours (Blocks),250,0.00018310546875,11.51,0.4086,0.4725,0.0,0.8014
kodim16.png,JPEG,5,0.18068440755208334,25.05,0.6158,0.7738,0.1391,0.7113
kodim16.png,JPEG,10,0.2655436197916667,27.69,0.7317,0.8728,0.2492,0.5971
kodim16.png,JPEG,20,0.4272257486979167,30.44,0.828,0.9415,0.366,0.4339
kodim16.png,JPEG,40,0.6699015299479166,32.67,0.8887,0.9719,0.47,0.2875
kodim16.png,JPEG,70,1.055419921875,35.2,0.9318,0.9856,0.5713,0.1873
kodim16.png,WebP,5,0.15604654947916666,29.23,0.7494,0.9085,0.263,0.4562
kodim16.png,WebP,10,0.20638020833333334,29.99,0.7894,0.9263,0.3024,0.4139
kodim16.png,WebP,20,0.2998453776041667,31.22,0.8369,0.9461,0.3612,0.3627
kodim16.png,WebP,40,0.4751790364583333,33.16,0.8877,0.9654,0.4452,0.289
kodim16.png,WebP,70,0.752685546875,35.5,0.9304,0.9804,0.5508,0.2009
kodim17.png,Ours (Proposed),10,1.8435262044270833,26.48,0.7628,0.8913,0.2556,0.4836
kodim17.png,Ours (Proposed),25,0.6728108723958334,19.03,0.5432,0.6844,0.1118,0.6396
kodim17.png,Ours (Proposed),40,0.17226155598958334,17.61,0.4668,0.4881,0.0421,0.6956
kodim17.png,Ours (Proposed),60,0.00030517578125,13.53,0.3727,0.332,0.0,0.7769
kodim17.png,Ours (Proposed),90,0.00030517578125,13.53,0.3727,0.332,0.0,0.7769
kodim17.png,Ours (Proposed),150,0.00030517578125,13.53,0.3727,0.332,0.0,0.7769
kodim17.png,Ours (Proposed),250,0.00030517578125,13.53,0.3727,0.332,0.0,0.7769
kodim17.png,Standard QT (Blocks),10,0.1849365234375,24.37,0.6258,0.8242,0.1422,0.665
kodim17.png,Standard QT (Blocks),25,0.10591634114583333,18.21,0.4475,0.5561,0.0454,0.7262
kodim17.png,Standard QT (Blocks),40,0.027201334635416668,16.6,0.4159,0.4018,0.0143,0.7398
kodim17.png,Standard QT (Blocks),60,0.0001220703125,13.53,0.3728,0.332,0.0,0.7782
kodim17.png,Standard QT (Blocks),90,0.0001220703125,13.53,0.3728,0.332,0.0,0.7782
kodim17.png,Standard QT (Blocks),150,0.0001220703125,13.53,0.3728,0.332,0.0,0.7782
kodim17.png,Standard QT (Blocks),250,0.0001220703125,13.53,0.3728,0.332,0.0,0.7782
kodim17.png,Ours (Blocks),10,0.18770345052083334,24.45,0.6311,0.8326,0.1491,0.6613
kodim17.png,Ours (Blocks),25,0.13045247395833334,18.83,0.4664,0.6213,0.0598,0.7282
kodim17.png,Ours (Blocks),40,0.041890462239583336,17.37,0.4229,0.4228,0.0167,0.7369
kodim17.png,Ours (Blocks),60,0.0001220703125,13.53,0.3728,0.332,0.0,0.7782
kodim17.png,Ours (Blocks),90,0.0001220703125,13.53,0.3728,0.332,0.0,0.7782
kodim17.png,Ours (Blocks),150,0.0001220703125,13.53,0.3728,0.332,0.0,0.7782
kodim17.png,Ours (Blocks),250,0.0001220703125,13.53,0.3728,0.332,0.0,0.7782
kodim17.png,JPEG,5,0.20558675130208334,25.4,0.6636,0.8363,0.2155,0.6632
kodim17.png,JPEG,10,0.28839111328125,27.98,0.7746,0.9123,0.3299,0.5561
kodim17.png,JPEG,20,0.4365234375,30.63,0.855,0.9567,0.4484,0.4093
kodim17.png,JPEG,40,0.6666259765625,32.93,0.9069,0.9792,0.5454,0.2844
kodim17.png,JPEG,70,1.0485432942708333,35.38,0.9384,0.9888,0.6328,0.1866
kodim17.png,WebP,5,0.18098958333333334,29.79,0.8131,0.9405,0.3603,0.4094
kodim17.png,WebP,10,0.2205810546875,30.56,0.8359,0.9505,0.3958,0.3806
kodim17.png,WebP,20,0.2982991536458333,31.78,0.8683,0.963,0.4476,0.3363
kodim17.png,WebP,40,0.4416910807291667,33.59,0.902,0.9747,0.5194,0.2759
kodim17.png,WebP,70,0.6737467447916666,35.73,0.9322,0.9841,0.6076,0.2111
kodim18.png,Ours (Proposed),10,2.6683349609375,23.46,0.6559,0.8558,0.1812,0.4491
kodim18.png,Ours (Proposed),25,0.76513671875,19.88,0.4356,0.5305,0.057,0.6604
kodim18.png,Ours (Proposed),40,0.178955078125,17.17,0.3556,0.4045,0.0226,0.7518
kodim18.png,Ours (Proposed),60,0.0005086263020833334,14.87,0.3225,0.3132,0.0019,0.8528
kodim18.png,Ours (Proposed),90,0.0005086263020833334,14.87,0.3225,0.3132,0.0019,0.8528
kodim18.png,Ours (Proposed),150,0.0005086263020833334,14.87,0.3225,0.3132,0.0019,0.8528
kodim18.png,Ours (Proposed),250,0.0005086263020833334,14.87,0.3225,0.3132,0.0019,0.8528
kodim18.png,Standard QT (Blocks),10,0.5271809895833334,22.0,0.4824,0.7664,0.1016,0.7044
kodim18.png,Standard QT (Blocks),25,0.1956787109375,19.77,0.3769,0.4833,0.0319,0.7321
kodim18.png,Standard QT (Blocks),40,0.0003255208333333333,16.16,0.3342,0.3214,0.0,0.8538
kodim18.png,Standard QT (Blocks),60,0.0003255208333333333,16.16,0.3342,0.3214,0.0,0.8538
kodim18.png,Standard QT (Blocks),90,0.0003255208333333333,16.16,0.3342,0.3214,0.0,0.8538
kodim18.png,Standard QT (Blocks),150,0.0003255208333333333,16.16,0.3342,0.3214,0.0,0.8538
kodim18.png,Standard QT (Blocks),250,0.0003255208333333333,16.16,0.3342,0.3214,0.0,0.8538
kodim18.png,Ours (Blocks),10,0.5274658203125,22.02,0.4855,0.7723,0.1044,0.7037
kodim18.png,Ours (Blocks),25,0.1986083984375,19.81,0.3782,0.4878,0.0326,0.7311
kodim18.png,Ours (Blocks),40,0.0430908203125,17.12,0.3385,0.3827,0.0112,0.774
kodim18.png,Ours (Blocks),60,0.0003255208333333333,16.16,0.3342,0.3214,0.0,0.8538
kodim18.png,Ours (Blocks),90,0.0003255208333333333,16.16,0.3342,0.3214,0.0,0.8538
kodim18.png,Ours (Blocks),150,0.0003255208333333333,16.16,0.3342,0.3214,0.0,0.8538
kodim18.png,Ours (Blocks),250,0.0003255208333333333,16.16,0.3342,0.3214,0.0,0.8538
kodim18.png,JPEG,5,0.23232014973958334,23.05,0.5812,0.7933,0.1748,0.657
kodim18.png,JPEG,10,0.3756306966145833,25.2,0.7135,0.8881,0.2857,0.5037
kodim18.png,JPEG,20,0.6057332356770834,27.35,0.8067,0.9407,0.3883,0.3497
kodim18.png,JPEG,40,0.9555867513020834,29.52,0.8678,0.9672,0.4771,0.2371
kodim18.png,JPEG,70,1.5243733723958333,32.09,0.9137,0.9822,0.5671,0.1547
kodim18.png,WebP,5,0.3125406901041667,26.49,0.7306,0.9127,0.303,0.4142
kodim18.png,WebP,10,0.3985188802083333,27.35,0.7766,0.9312,0.3439,0.3768
kodim18.png,WebP,20,0.5469970703125,28.64,0.8284,0.9494,0.4024,0.3189
kodim18.png,WebP,40,0.8486735026041666,30.81,0.8842,0.9673,0.4935,0.2377
kodim18.png,WebP,70,1.2693684895833333,33.14,0.922,0.9799,0.5854,0.1678
kodim19.png,Ours (Proposed),10,1.9426472981770833,23.35,0.6903,0.8261,0.1536,0.5199
kodim19.png,Ours (Proposed),25,0.8765665690104166,21.35,0.6032,0.6987,0.0943,0.6109
kodim19.png,Ours (Proposed),40,0.4541219075520833,18.86,0.5486,0.5795,0.0562,0.6612
kodim19.png,Ours (Proposed),60,0.0005086263020833334,13.61,0.4683,0.4072,0.0013,0.8184
kodim19.png,Ours (Proposed),90,0.0005086263020833334,13.61,0.4683,0.4072,0.0013,0.8184
kodim19.png,Ours (Proposed),150,0.0005086263020833334,13.61,0.4683,0.4072,0.0013,0.8184
kodim19.png,Ours (Proposed),250,0.0005086263020833334,13.61,0.4683,0.4072,0.0013,0.8184
kodim19.png,Standard QT (Blocks),10,0.3086954752604167,21.53,0.5539,0.7501,0.0833,0.6751
kodim19.png,Standard QT (Blocks),25,0.17388916015625,20.27,0.5191,0.637,0.0494,0.6908
kodim19.png,Standard QT (Blocks),40,0.09562174479166667,18.42,0.4915,0.5175,0.0253,0.7111
kodim19.png,Standard QT (Blocks),60,0.0003255208333333333,13.29,0.453,0.4082,0.0,0.868
kodim19.png,Standard QT (Blocks),90,0.0003255208333333333,13.29,0.453,0.4082,0.0,0.868
kodim19.png,Standard QT (Blocks),150,0.0003255208333333333,13.29,0.453,0.4082,0.0,0.868
kodim19.png,Standard QT (Blocks),250,0.0003255208333333333,13.29,0.453,0.4082,0.0,0.868
kodim19.png,Ours (Blocks),10,0.3109944661458333,21.53,0.5544,0.751,0.0839,0.6745
kodim19.png,Ours (Blocks),25,0.18369547526041666,20.34,0.5216,0.6433,0.0512,0.6905
kodim19.png,Ours (Blocks),40,0.10896809895833333,18.56,0.497,0.5349,0.0281,0.7086
kodim19.png,Ours (Blocks),60,0.0003255208333333333,13.29,0.453,0.4082,0.0,0.868
kodim19.png,Ours (Blocks),90,0.0003255208333333333,13.29,0.453,0.4082,0.0,0.868
kodim19.png,Ours (Blocks),150,0.0003255208333333333,13.29,0.453,0.4082,0.0,0.868
kodim19.png,Ours (Blocks),250,0.0003255208333333333,13.29,0.453,0.4082,0.0,0.868
kodim19.png,JPEG,5,0.21913655598958334,24.27,0.6515,0.8006,0.1899,0.6367
kodim19.png,JPEG,10,0.3100992838541667,26.85,0.7426,0.8837,0.2881,0.5518
kodim19.png,JPEG,20,0.4819539388020833,29.34,0.8274,0.9427,0.3943,0.4222
kodim19.png,JPEG,40,0.7484334309895834,31.63,0.8834,0.9708,0.4908,0.2951
kodim19.png,JPEG,70,1.1845703125,34.04,0.923,0.9842,0.5835,0.1938
kodim19.png,WebP,5,0.20320638020833334,28.44,0.758,0.9166,0.3152,0.4514
kodim19.png,WebP,10,0.2569580078125,29.27,0.7852,0.9312,0.3537,0.4124
kodim19.png,WebP,20,0.34912109375,30.27,0.822,0.9469,0.3995,0.3736
kodim19.png,WebP,40,0.5545247395833334,32.14,0.8785,0.9664,0.4781,0.3009
kodim19.png,WebP,70,0.8754475911458334,34.46,0.9228,0.98,0.5731,0.2214
kodim20.png,Ours (Proposed),10,1.3202311197916667,24.88,0.8029,0.9179,0.2234,0.3695
kodim20.png,Ours (Proposed),25,0.51019287109375,14.52,0.6757,0.7513,0.1452,0.5124
kodim20.png,Ours (Proposed),40,0.290283203125,14.09,0.6372,0.6845,0.103,0.5487
kodim20.png,Ours (Proposed),60,0.09535725911458333,13.05,0.6017,0.5877,0.0627,0.5945
kodim20.png,Ours (Proposed),90,0.001220703125,9.89,0.5672,0.4097,0.0424,0.679
kodim20.png,Ours (Proposed),150,0.0004475911458333333,5.45,0.3677,0.4898,0.0167,0.7118
kodim20.png,Ours (Proposed),250,0.0004475911458333333,5.45,0.3677,0.4898,0.0167,0.7118
kodim20.png,Standard QT (Blocks),10,0.16729736328125,23.12,0.7163,0.871,0.1382,0.5121
kodim20.png,Standard QT (Blocks),25,0.093505859375,15.16,0.638,0.7049,0.0788,0.5955
kodim20.png,Standard QT (Blocks),40,0.046223958333333336,14.66,0.6161,0.6331,0.0475,0.6167
kodim20.png,Standard QT (Blocks),60,0.008565266927083334,13.16,0.5982,0.5138,0.0168,0.6555
kodim20.png,Standard QT (Blocks),90,0.0002644856770833333,4.93,0.3694,0.491,0.0,0.7526
kodim20.png,Standard QT (Blocks),150,0.0002644856770833333,4.93,0.3694,0.491,0.0,0.7526
kodim20.png,Standard QT (Blocks),250,0.0002644856770833333,4.93,0.3694,0.491,0.0,0.7526
kodim20.png,Ours (Blocks),10,0.17032877604166666,23.14,0.7193,0.8738,0.1427,0.5085
kodim20.png,Ours (Blocks),25,0.10186767578125,15.21,0.6428,0.7169,0.0856,0.5952
kodim20.png,Ours (Blocks),40,0.06048583984375,14.75,0.6201,0.6457,0.0547,0.6124
kodim20.png,Ours (Blocks),60,0.022664388020833332,13.63,0.5918,0.5534,0.0271,0.6438
kodim20.png,Ours (Blocks),90,0.00048828125,10.57,0.5834,0.5123,0.0042,0.7174
kodim20.png,Ours (Blocks),150,0.0002644856770833333,4.93,0.3694,0.491,0.0,0.7526
kodim20.png,Ours (Blocks),250,0.0002644856770833333,4.93,0.3694,0.491,0.0,0.7526
kodim20.png,JPEG,5,0.1947021484375,25.38,0.7526,0.8816,0.2229,0.5005
kodim20.png,JPEG,10,0.2578125,28.27,0.8128,0.9256,0.3178,0.4142
kodim20.png,JPEG,20,0.37176513671875,30.65,0.8665,0.9607,0.4098,0.3208
kodim20.png,JPEG,40,0.5461222330729166,32.84,0.903,0.978,0.4903,0.2438
kodim20.png,JPEG,70,0.8363037109375,35.17,0.9306,0.9862,0.5744,0.1843
kodim20.png,WebP,5,0.13492838541666666,29.98,0.8254,0.9476,0.3393,0.3458
kodim20.png,WebP,10,0.16483561197916666,30.67,0.8415,0.9547,0.3704,0.3238
kodim20.png,WebP,20,0.221923828125,31.78,0.8674,0.9646,0.4192,0.2973
kodim20.png,WebP,40,0.3521321614583333,33.7,0.9052,0.9765,0.496,0.2459
kodim20.png,WebP,70,0.5452473958333334,35.74,0.9317,0.9838,0.5768,0.1912
kodim21.png,Ours (Proposed),10,1.7867228190104167,23.98,0.7393,0.8813,0.1735,0.4866
kodim21.png,Ours (Proposed),25,1.0258585611979167,21.01,0.6461,0.7922,0.1138,0.5775
kodim21.png,Ours (Proposed),40,0.282470703125,18.59,0.5445,0.6206,0.0501,0.6536
kodim21.png,Ours (Proposed),60,0.00042724609375,11.2,0.4271,0.3776,0.0057,0.7149
kodim21.png,Ours (Proposed),90,0.00042724609375,11.2,0.4271,0.3776,0.0057,0.7149
kodim21.png,Ours (Proposed),150,0.00042724609375,11.2,0.4271,0.3776,0.0057,0.7149
kodim21.png,Ours (Proposed),250,0.00042724609375,11.2,0.4271,0.3776,0.0057,0.7149
kodim21.png,Standard QT (Blocks),10,0.3168538411458333,22.22,0.6127,0.8206,0.1084,0.632
kodim21.png,Standard QT (Blocks),25,0.21964518229166666,20.41,0.5616,0.735,0.07,0.6675
kodim21.png,Standard QT (Blocks),40,0.06795247395833333,18.5,0.5134,0.5603,0.0274,0.709
kodim21.png,Standard QT (Blocks),60,0.000244140625,11.02,0.3961,0.4073,0.0,0.7832
kodim21.png,Standard QT (Blocks),90,0.000244140625,11.02,0.3961,0.4073,0.0,0.7832
kodim21.png,Standard QT (Blocks),150,0.000244140625,11.02,0.3961,0.4073,0.0,0.7832
kodim21.png,Standard QT (Blocks),250,0.000244140625,11.02,0.3961,0.4073,0.0,0.7832
kodim21.png,Ours (Blocks),10,0.3171183268229167,22.22,0.613,0.8208,0.1087,0.6315
kodim21.png,Ours (Blocks),25,0.22806803385416666,20.46,0.5649,0.7396,0.0724,0.6658
kodim21.png,Ours (Blocks),40,0.07080078125,18.54,0.5143,0.5644,0.0282,0.7081
kodim21.png,Ours (Blocks),60,0.000244140625,11.02,0.3961,0.4073,0.0,0.7832
kodim21.png,Ours (Blocks),90,0.000244140625,11.02,0.3961,0.4073,0.0,0.7832
kodim21.png,Ours (Blocks),150,0.000244140625,11.02,0.3961,0.4073,0.0,0.7832
kodim21.png,Ours (Blocks),250,0.000244140625,11.02,0.3961,0.4073,0.0,0.7832
kodim21.png,JPEG,5,0.22652180989583334,23.42,0.7019,0.8331,0.1997,0.6296
kodim21.png,JPEG,10,0.3354695638020833,26.14,0.7841,0.8995,0.2958,0.5309
kodim21.png,JPEG,20,0.50958251953125,28.58,0.8532,0.9504,0.3873,0.4104
kodim21.png,JPEG,40,0.7622477213541666,30.74,0.8955,0.9731,0.465,0.3108
kodim21.png,JPEG,70,1.1980183919270833,33.24,0.927,0.9846,0.5483,0.2161
kodim21.png,WebP,5,0.239990234375,27.44,0.8022,0.9407,0.3054,0.4593
kodim21.png,WebP,10,0.2976481119791667,28.29,0.8294,0.951,0.3409,0.4247
kodim21.png,WebP,20,0.4035237630208333,29.61,0.8662,0.9634,0.3931,0.3782
kodim21.png,WebP,40,0.6167805989583334,31.85,0.9052,0.9754,0.4752,0.307
kodim21.png,WebP,70,0.9166666666666666,34.32,0.9314,0.9833,0.5637,0.2434
kodim22.png,Ours (Proposed),10,2.0331013997395835,25.05,0.6606,0.826,0.156,0.4922
kodim22.png,Ours (Proposed),25,0.341796875,15.75,0.4305,0.5274,0.0457,0.7039
kodim22.png,Ours (Proposed),40,0.078369140625,15.1,0.3948,0.4356,0.0254,0.7496
kodim22.png,Ours (Proposed),60,0.0004475911458333333,11.68,0.3244,0.3674,0.0066,0.8343
kodim22.png,Ours (Proposed),90,0.0004475911458333333,11.68,0.3244,0.3674,0.0066,0.8343
kodim22.png,Ours (Proposed),150,0.0004475911458333333,11.68,0.3244,0.3674,0.0066,0.8343
kodim22.png,Ours (Proposed),250,0.0004475911458333333,11.68,0.3244,0.3674,0.0066,0.8343
kodim22.png,Standard QT (Blocks),10,0.39971923828125,23.75,0.5382,0.7605,0.0935,0.6569
kodim22.png,Standard QT (Blocks),25,0.08036295572916667,16.02,0.4178,0.4825,0.0232,0.7461
kodim22.png,Standard QT (Blocks),40,0.01611328125,15.33,0.399,0.3918,0.0088,0.7717
kodim22.png,Standard QT (Blocks),60,0.0002644856770833333,11.65,0.3876,0.3697,0.0,0.8314
kodim22.png,Standard QT (Blocks),90,0.0002644856770833333,11.65,0.3876,0.3697,0.0,0.8314
kodim22.png,Standard QT (Blocks),150,0.0002644856770833333,11.65,0.3876,0.3697,0.0,0.8314
kodim22.png,Standard QT (Blocks),250,0.0002644856770833333,11.65,0.3876,0.3697,0.0,0.8314
kodim22.png,Ours (Blocks),10,0.4025472005208333,23.75,0.5385,0.7608,0.0938,0.6563
kodim22.png,Ours (Blocks),25,0.0828857421875,16.03,0.4183,0.4838,0.0239,0.7452
kodim22.png,Ours (Blocks),40,0.01776123046875,15.34,0.3994,0.3911,0.0096,0.7708
kodim22.png,Ours (Blocks),60,0.0002644856770833333,11.65,0.3876,0.3697,0.0,0.8314
kodim22.png,Ours (Blocks),90,0.0002644856770833333,11.65,0.3876,0.3697,0.0,0.8314
kodim22.png,Ours (Blocks),150,0.0002644856770833333,11.65,0.3876,0.3697,0.0,0.8314
kodim22.png,Ours (Blocks),250,0.0002644856770833333,11.65,0.3876,0.3697,0.0,0.8314
kodim22.png,JPEG,5,0.1953125,24.27,0.5839,0.76,0.1558,0.6786
kodim22.png,JPEG,10,0.2940877278645833,26.73,0.6993,0.8661,0.2604,0.5564
kodim22.png,JPEG,20,0.4794921875,28.97,0.795,0.9297,0.3711,0.3961
kodim22.png,JPEG,40,0.7668863932291666,31.04,0.8597,0.9616,0.4666,0.2703
kodim22.png,JPEG,70,1.24310302734375,33.27,0.9081,0.9792,0.5628,0.1674
kodim22.png,WebP,5,0.19425455729166666,27.98,0.7059,0.8942,0.2702,0.4478
kodim22.png,WebP,10,0.2534993489583333,28.7,0.7449,0.9126,0.3096,0.4206
kodim22.png,WebP,20,0.3594563802083333,29.73,0.7954,0.9334,0.3645,0.3755
kodim22.png,WebP,40,0.5884602864583334,31.56,0.8608,0.9583,0.4518,0.2944
kodim22.png,WebP,70,0.9441324869791666,33.73,0.9097,0.9745,0.5546,0.1989
kodim23.png,Ours (Proposed),10,1.2566121419270833,27.13,0.8293,0.8894,0.2901,0.4377
kodim23.png,Ours (Proposed),25,0.4144694010416667,20.99,0.7271,0.7421,0.1704,0.5746
kodim23.png,Ours (Proposed),40,0.19425455729166666,17.2,0.6587,0.6437,0.1078,0.6444
kodim23.png,Ours (Proposed),60,0.00042724609375,9.21,0.4172,0.3716,0.0057,0.7628
kodim23.png,Ours (Proposed),90,0.00042724609375,9.21,0.4172,0.3716,0.0057,0.7628
kodim23.png,Ours (Proposed),150,0.00042724609375,9.21,0.4172,0.3716,0.0057,0.7628
kodim23.png,Ours (Proposed),250,0.00042724609375,9.21,0.4172,0.3716,0.0057,0.7628
kodim23.png,Standard QT (Blocks),10,0.2593994140625,24.62,0.7184,0.8108,0.1494,0.6033
kodim23.png,Standard QT (Blocks),25,0.09757486979166667,19.9,0.6369,0.6302,0.0597,0.6806
kodim23.png,Standard QT (Blocks),40,0.037556966145833336,15.86,0.6,0.5127,0.0251,0.7334
kodim23.png,Standard QT (Blocks),60,0.000244140625,9.36,0.486,0.3866,0.0,0.7965
kodim23.png,Standard QT (Blocks),90,0.000244140625,9.36,0.486,0.3866,0.0,0.7965
kodim23.png,Standard QT (Blocks),150,0.000244140625,9.36,0.486,0.3866,0.0,0.7965
kodim23.png,Standard QT (Blocks),250,0.000244140625,9.36,0.486,0.3866,0.0,0.7965
kodim23.png,Ours (Blocks),10,0.2802937825520833,24.82,0.7252,0.8232,0.1571,0.5985
kodim23.png,Ours (Blocks),25,0.10776774088541667,20.13,0.6407,0.642,0.0648,0.6745
kodim23.png,Ours (Blocks),40,0.053446451822916664,16.59,0.6054,0.5344,0.0304,0.7229
kodim23.png,Ours (Blocks),60,0.000244140625,9.36,0.486,0.3866,0.0,0.7965
kodim23.png,Ours (Blocks),90,0.000244140625,9.36,0.486,0.3866,0.0,0.7965
kodim23.png,Ours (Blocks),150,0.000244140625,9.36,0.486,0.3866,0.0,0.7965
kodim23.png,Ours (Blocks),250,0.000244140625,9.36,0.486,0.3866,0.0,0.7965
kodim23.png,JPEG,5,0.18408203125,25.24,0.7079,0.7928,0.2169,0.6309
kodim23.png,JPEG,10,0.23677571614583334,28.87,0.794,0.8832,0.3466,0.5445
kodim23.png,JPEG,20,0.3342081705729167,31.82,0.8629,0.9402,0.4734,0.4126
kodim23.png,JPEG,40,0.4928181966145833,34.36,0.9089,0.9707,0.5713,0.2751
kodim23.png,JPEG,70,0.769287109375,36.63,0.9369,0.9846,0.6528,0.1924
kodim23.png,WebP,5,0.134033203125,31.03,0.8574,0.941,0.3939,0.3735
kodim23.png,WebP,10,0.16031901041666666,31.81,0.8701,0.9494,0.4244,0.3505
kodim23.png,WebP,20,0.20499674479166666,32.93,0.8876,0.9597,0.4663,0.3115
kodim23.png,WebP,40,0.2959798177083333,34.56,0.9096,0.9712,0.5256,0.2721
kodim23.png,WebP,70,0.4432373046875,36.41,0.9302,0.9809,0.5941,0.2257
kodim24.png,Ours (Proposed),10,2.5698038736979165,22.28,0.6687,0.8671,0.1957,0.4285
kodim24.png,Ours (Proposed),25,0.9943644205729166,20.2,0.5021,0.6316,0.0881,0.5995
kodim24.png,Ours (Proposed),40,0.3616536458333333,17.28,0.408,0.4251,0.0368,0.6815
kodim24.png,Ours (Proposed),60,0.06583658854166667,16.27,0.3724,0.3498,0.0195,0.7261
kodim24.png,Ours (Proposed),90,0.0005086263020833334,13.98,0.359,0.2746,0.0049,0.7859
kodim24.png,Ours (Proposed),150,0.0005086263020833334,13.98,0.359,0.2746,0.0049,0.7859
kodim24.png,Ours (Proposed),250,0.0005086263020833334,13.98,0.359,0.2746,0.0049,0.7859
kodim24.png,Standard QT (Blocks),10,0.3201700846354167,21.14,0.5001,0.7797,0.117,0.6599
kodim24.png,Standard QT (Blocks),25,0.13755289713541666,18.77,0.4027,0.4946,0.04,0.7067
kodim24.png,Standard QT (Blocks),40,0.039164225260416664,16.67,0.3733,0.3803,0.0159,0.7495
kodim24.png,Standard QT (Blocks),60,0.0003255208333333333,13.0,0.3492,0.2693,0.0,0.8134
kodim24.png,Standard QT (Blocks),90,0.0003255208333333333,13.0,0.3492,0.2693,0.0,0.8134
kodim24.png,Standard QT (Blocks),150,0.0003255208333333333,13.0,0.3492,0.2693,0.0,0.8134
kodim24.png,Standard QT (Blocks),250,0.0003255208333333333,13.0,0.3492,0.2693,0.0,0.8134
kodim24.png,Ours (Blocks),10,0.3163248697916667,21.17,0.5045,0.7879,0.1218,0.6531
kodim24.png,Ours (Blocks),25,0.16910807291666666,19.66,0.4214,0.5663,0.0534,0.6999
kodim24.png,Ours (Blocks),40,0.06319173177083333,17.46,0.3778,0.3934,0.0212,0.7258
kodim24.png,Ours (Blocks),60,0.008524576822916666,16.26,0.3603,0.3181,0.0064,0.7512
kodim24.png,Ours (Blocks),90,0.0003255208333333333,13.0,0.3492,0.2693,0.0,0.8134
kodim24.png,Ours (Blocks),150,0.0003255208333333333,13.0,0.3492,0.2693,0.0,0.8134
kodim24.png,Ours (Blocks),250,0.0003255208333333333,13.0,0.3492,0.2693,0.0,0.8134
kodim24.png,JPEG,5,0.24436442057291666,22.58,0.6206,0.8256,0.2011,0.6287
kodim24.png,JPEG,10,0.3802286783854167,24.8,0.7367,0.9024,0.3041,0.4736
kodim24.png,JPEG,20,0.6064453125,26.99,0.8274,0.9536,0.4086,0.3262
kodim24.png,JPEG,40,0.9463907877604166,29.21,0.8873,0.9753,0.5011,0.2227
kodim24.png,JPEG,70,1.4877726236979167,31.81,0.9308,0.9868,0.599,0.1477
kodim24.png,WebP,5,0.3227945963541667,26.44,0.7698,0.9308,0.3416,0.382
kodim24.png,WebP,10,0.4094645182291667,27.35,0.8114,0.9458,0.3867,0.344
kodim24.png,WebP,20,0.556640625,28.71,0.8585,0.9608,0.4489,0.2806
kodim24.png,WebP,40,0.8290608723958334,30.85,0.906,0.9744,0.5347,0.2019
kodim24.png,WebP,70,1.2074381510416667,33.16,0.9407,0.9846,0.6288,0.1357
