Image,Method,Param,BPP,Time_s,psnr,ssim,sw_ssim,lpips,ms_ssim,vif
kodim01.png,Ours (Multi-Mode RDO),1,0.96868896484375,1.7097954750061035,21.38199235090028,0.5220349412457842,0.6599491335522515,0.34198710322380066,0.0,0.0
kodim01.png,Ours (Multi-Mode RDO),5,0.9595540364583334,1.6882102489471436,21.38026178841491,0.5214409089144867,0.6589529739653976,0.34242725372314453,0.0,0.0
kodim01.png,Ours (Multi-Mode RDO),10,0.9505411783854166,1.6775684356689453,21.378468705323762,0.520850441866298,0.658219408491639,0.34266868233680725,0.0,0.0
kodim01.png,Ours (Multi-Mode RDO),20,0.9364217122395834,1.720076322555542,21.36941612799372,0.5197139170262539,0.6571236978842651,0.3433619439601898,0.0,0.0
kodim01.png,Ours (Multi-Mode RDO),40,0.9096272786458334,1.7098865509033203,21.359372383928914,0.5172327385860078,0.6542031260537987,0.34599602222442627,0.0,0.0
kodim01.png,Ours (Multi-Mode RDO),70,0.8742879231770834,1.679741382598877,21.347194916219415,0.5133432071794348,0.6507783409912763,0.34951192140579224,0.0,0.0
kodim01.png,Ours (Multi-Mode RDO),110,0.83197021484375,1.6903266906738281,21.323072997195908,0.5076480846050033,0.647509701815155,0.3544677793979645,0.0,0.0
kodim01.png,Ours (Multi-Mode RDO),150,0.79803466796875,1.6622169017791748,21.28736934416984,0.502299101127575,0.6449190982742733,0.3609844446182251,0.0,0.0
kodim01.png,Standard RDO (No Saliency),1,0.9058634440104166,1.5884685516357422,21.30507037902358,0.5124718573789113,0.6096916229205832,0.34765875339508057,0.0,0.0
kodim01.png,Standard RDO (No Saliency),5,0.8988240559895834,1.608733892440796,21.30367705650653,0.5119381859718942,0.6094411982774376,0.34783345460891724,0.0,0.0
kodim01.png,Standard RDO (No Saliency),10,0.89215087890625,1.6159474849700928,21.30212346731687,0.5114443519513986,0.6092623934362076,0.34821563959121704,0.0,0.0
kodim01.png,Standard RDO (No Saliency),20,0.881103515625,1.5983572006225586,21.29965951488968,0.510555989153996,0.6087867905845877,0.3486987054347992,0.0,0.0
kodim01.png,Standard RDO (No Saliency),40,0.8630167643229166,1.697727918624878,21.29507802436072,0.508477456705992,0.6076486791254327,0.3517008423805237,0.0,0.0
kodim01.png,Standard RDO (No Saliency),70,0.8340657552083334,1.5785067081451416,21.27385742716356,0.5048287615790907,0.604632686394342,0.35489150881767273,0.0,0.0
kodim01.png,Standard RDO (No Saliency),110,0.7984822591145834,1.556680679321289,21.256749732565787,0.4999551555956514,0.6026997598124849,0.3592901825904846,0.0,0.0
kodim01.png,Standard RDO (No Saliency),150,0.7653401692708334,1.5572237968444824,21.217114437940445,0.49476881114740334,0.5992221981404053,0.3666671812534332,0.0,0.0
kodim01.png,JPEG,10,0.4398396809895833,,24.774125089745237,0.7066334088115788,0.7066334088115788,0.24383662641048431,0.0,0.0
kodim01.png,JPEG,20,0.70953369140625,,26.9420863374501,0.805548830154932,0.805548830154932,0.14887842535972595,0.0,0.0
kodim01.png,JPEG,40,1.0945841471354167,,29.120351600313032,0.8739646597338168,0.8739646597338168,0.06866346299648285,0.0,0.0
kodim01.png,JPEG,60,1.4354654947916667,,30.621513171456094,0.9074441326901708,0.9074441326901708,0.03926119953393936,0.0,0.0
kodim01.png,JPEG,80,2.1467488606770835,,33.3860866672045,0.9469273992083279,0.9469273992083279,0.01723029464483261,0.0,0.0
kodim01.png,JPEG,95,4.394938151041667,,40.47431183039475,0.9868274306859607,0.9868274306859607,0.0036480939015746117,0.0,0.0
kodim01.png,WebP,10,0.452880859375,,27.059421127790703,0.7826342226918911,0.7826342226918911,0.1510544717311859,0.0,0.0
kodim01.png,WebP,20,0.6460774739583334,,28.46464968263698,0.8428139100418143,0.8428139100418143,0.09004315733909607,0.0,0.0
kodim01.png,WebP,40,1.0044352213541667,,30.83135251653934,0.9075064583042574,0.9075064583042574,0.045149803161621094,0.0,0.0
kodim01.png,WebP,60,1.3116455078125,,32.672191278536275,0.937149297186612,0.937149297186612,0.030642446130514145,0.0,0.0
kodim01.png,WebP,80,1.884521484375,,35.733559978516155,0.9670183963288697,0.9670183963288697,0.020111970603466034,0.0,0.0
kodim01.png,WebP,95,3.7556966145833335,,42.38019869586437,0.9914205411101795,0.9914205411101795,0.002990981563925743,0.0,0.0
kodim02.png,Ours (Multi-Mode RDO),1,0.10015869140625,0.24334168434143066,16.84424710485463,0.5578014805534592,0.6952933190001198,0.7162641286849976,0.0,0.0
kodim02.png,Ours (Multi-Mode RDO),5,0.09971110026041667,0.245513916015625,16.844244772386585,0.5577963714532875,0.6953049862638992,0.7162566184997559,0.0,0.0
kodim02.png,Ours (Multi-Mode RDO),10,0.09938557942708333,0.24184775352478027,16.844244019536248,0.5577893324433324,0.6952589855918021,0.7161576151847839,0.0,0.0
kodim02.png,Ours (Multi-Mode RDO),20,0.09867350260416667,0.245469331741333,16.844198569518866,0.5577450507627556,0.6948723144393443,0.7161223888397217,0.0,0.0
kodim02.png,Ours (Multi-Mode RDO),40,0.09700520833333333,0.2442171573638916,16.843886914901923,0.5575292963662473,0.6948227543249458,0.7170270681381226,0.0,0.0
kodim02.png,Ours (Multi-Mode RDO),70,0.0953369140625,0.24109530448913574,16.843468784360347,0.5573249238330172,0.694215615962841,0.7171850204467773,0.0,0.0
kodim02.png,Ours (Multi-Mode RDO),110,0.09354654947916667,0.23795676231384277,16.842460314164008,0.5570444239116187,0.6930922473468749,0.7179018259048462,0.0,0.0
kodim02.png,Ours (Multi-Mode RDO),150,0.09141031901041667,0.2443559169769287,16.841809904630146,0.5566979401437226,0.6911644084998663,0.7181826829910278,0.0,0.0
kodim02.png,Standard RDO (No Saliency),1,0.08028157552083333,0.20292162895202637,15.758378291138547,0.5531456442671298,0.5037389701188826,0.7565082311630249,0.0,0.0
kodim02.png,Standard RDO (No Saliency),5,0.07979329427083333,0.1985611915588379,15.758376056792095,0.5531363053643962,0.5033795594598212,0.7565092444419861,0.0,0.0
kodim02.png,Standard RDO (No Saliency),10,0.07954915364583333,0.19778060913085938,15.75837418702023,0.5531290674666395,0.5033317433860514,0.7564167380332947,0.0,0.0
kodim02.png,Standard RDO (No Saliency),20,0.07908121744791667,0.19958758354187012,15.758336416521752,0.5530889005173595,0.5027559161749723,0.7563850283622742,0.0,0.0
kodim02.png,Standard RDO (No Saliency),40,0.07698567708333333,0.19748878479003906,15.75808879081492,0.5528663587084843,0.5003186652380142,0.7572736740112305,0.0,0.0
kodim02.png,Standard RDO (No Saliency),70,0.07525634765625,0.1972637176513672,15.757764264348907,0.5526621416134987,0.49803538188117785,0.7573994398117065,0.0,0.0
kodim02.png,Standard RDO (No Saliency),110,0.07318115234375,0.19765996932983398,15.756943987675395,0.5523786267857521,0.4945328204698546,0.7580941915512085,0.0,0.0
kodim02.png,Standard RDO (No Saliency),150,0.07139078776041667,0.19911766052246094,15.75641589055433,0.552050219703791,0.4923396810053342,0.7581837773323059,0.0,0.0
kodim02.png,JPEG,10,0.22806803385416666,,27.847839104812184,0.6925886979604993,0.6925886979604993,0.36417993903160095,0.0,0.0
kodim02.png,JPEG,20,0.3519490559895833,,30.007511507090943,0.7664253903711596,0.7664253903711596,0.2566952407360077,0.0,0.0
kodim02.png,JPEG,40,0.58056640625,,32.16465249272447,0.8341561485978204,0.8341561485978204,0.13316312432289124,0.0,0.0
kodim02.png,JPEG,60,0.81182861328125,,33.49633320011422,0.8703369672434692,0.8703369672434692,0.07883372902870178,0.0,0.0
kodim02.png,JPEG,80,1.29852294921875,,35.61685723797021,0.9117155152892994,0.9117155152892994,0.0339377261698246,0.0,0.0
kodim02.png,JPEG,95,3.036865234375,,40.15102159651178,0.9646205698981495,0.9646205698981495,0.008082837797701359,0.0,0.0
kodim02.png,WebP,10,0.14994303385416666,,30.20484102018611,0.7560396768210338,0.7560396768210338,0.31125345826148987,0.0,0.0
kodim02.png,WebP,20,0.22025553385416666,,31.28279447967101,0.7952402729593703,0.7952402729593703,0.24216283857822418,0.0,0.0
kodim02.png,WebP,40,0.3710123697916667,,32.78995693968665,0.839998760804725,0.839998760804725,0.1615946739912033,0.0,0.0
kodim02.png,WebP,60,0.5353190104166666,,34.21610197881332,0.8751589901007759,0.8751589901007759,0.10921420156955719,0.0,0.0
kodim02.png,WebP,80,0.8836669921875,,36.35710172083889,0.9185054664501022,0.9185054664501022,0.05167171731591225,0.0,0.0
kodim02.png,WebP,95,2.6572672526041665,,41.33532363424088,0.9736239560205311,0.9736239560205311,0.007371373474597931,0.0,0.0
kodim03.png,Ours (Multi-Mode RDO),1,0.47198486328125,0.8800187110900879,25.20860005868153,0.7549468474102089,0.7922436799500656,0.40373846888542175,0.0,0.0
kodim03.png,Ours (Multi-Mode RDO),5,0.4610392252604167,0.8775053024291992,25.20673446886773,0.7546448203771754,0.7917419232053403,0.40374666452407837,0.0,0.0
kodim03.png,Ours (Multi-Mode RDO),10,0.4478352864583333,0.871563196182251,25.20524552453133,0.7543923886830924,0.7911699579647182,0.40422433614730835,0.0,0.0
kodim03.png,Ours (Multi-Mode RDO),20,0.42919921875,0.8755311965942383,25.203008843533723,0.7537258301015476,0.7895109429405844,0.40491175651550293,0.0,0.0
kodim03.png,Ours (Multi-Mode RDO),40,0.4065755208333333,0.8606574535369873,25.196675243919167,0.7524327539545966,0.7868912839913598,0.4060383141040802,0.0,0.0
kodim03.png,Ours (Multi-Mode RDO),70,0.3847249348958333,0.847182035446167,25.163808516425206,0.7499249689898632,0.7830387041010278,0.4088451564311981,0.0,0.0
kodim03.png,Ours (Multi-Mode RDO),110,0.364990234375,0.9462864398956299,25.118492863007567,0.7469467625862681,0.7791316919517522,0.41186365485191345,0.0,0.0
kodim03.png,Ours (Multi-Mode RDO),150,0.3485107421875,0.8218483924865723,25.06734265862617,0.7434801566872465,0.7741183787782068,0.4187236428260803,0.0,0.0
kodim03.png,Standard RDO (No Saliency),1,0.2977294921875,0.5798742771148682,24.237041718714387,0.7218199638892856,0.6846545100032245,0.46468931436538696,0.0,0.0
kodim03.png,Standard RDO (No Saliency),5,0.29364013671875,0.5797598361968994,24.236073609106516,0.7217079190624922,0.6847326980188362,0.4645816683769226,0.0,0.0
kodim03.png,Standard RDO (No Saliency),10,0.29095458984375,0.5783779621124268,24.23506617168673,0.721588824744608,0.6847132877321307,0.4647483229637146,0.0,0.0
kodim03.png,Standard RDO (No Saliency),20,0.2870279947916667,0.5724334716796875,24.23404799620107,0.7213067889499115,0.684490537133944,0.46507227420806885,0.0,0.0
kodim03.png,Standard RDO (No Saliency),40,0.2798665364583333,0.566617488861084,24.23163592908102,0.720636895300348,0.6840624960704738,0.46593284606933594,0.0,0.0
kodim03.png,Standard RDO (No Saliency),70,0.2715047200520833,0.5607311725616455,24.21660895981833,0.7191368499275276,0.6829311592221429,0.46697574853897095,0.0,0.0
kodim03.png,Standard RDO (No Saliency),110,0.2600301106770833,0.5592677593231201,24.164378263956657,0.7167509046394681,0.6817128084605256,0.47109732031822205,0.0,0.0
kodim03.png,Standard RDO (No Saliency),150,0.24955240885416666,0.5550520420074463,24.124693451281342,0.7147248408548084,0.679944671235197,0.47645318508148193,0.0,0.0
kodim03.png,JPEG,10,0.23954264322916666,,28.56080877570544,0.7826126873644847,0.7826126873644847,0.3391769826412201,0.0,0.0
kodim03.png,JPEG,20,0.3503621419270833,,31.4448422584896,0.8542020435524815,0.8542020435524815,0.18723386526107788,0.0,0.0
kodim03.png,JPEG,40,0.5320231119791666,,33.77602759662277,0.9022957985388111,0.9022957985388111,0.09994801133871078,0.0,0.0
kodim03.png,JPEG,60,0.7017822265625,,35.276709765667995,0.9259943199010426,0.9259943199010426,0.07078966498374939,0.0,0.0
kodim03.png,JPEG,80,1.0637613932291667,,37.6700003284678,0.951492570024819,0.951492570024819,0.03995119780302048,0.0,0.0
kodim03.png,JPEG,95,2.3884480794270835,,42.211128417988924,0.9772975683477041,0.9772975683477041,0.007780393585562706,0.0,0.0
kodim03.png,WebP,10,0.14676920572916666,,31.299330353788566,0.8444140100575256,0.8444140100575256,0.2193441092967987,0.0,0.0
kodim03.png,WebP,20,0.19661458333333334,,32.40383413910807,0.8715816725891091,0.8715816725891091,0.16375775635242462,0.0,0.0
kodim03.png,WebP,40,0.3043212890625,,34.23954279621423,0.9056674554675661,0.9056674554675661,0.11827234923839569,0.0,0.0
kodim03.png,WebP,60,0.4219156901041667,,35.820033433363044,0.9264297738720186,0.9264297738720186,0.08757328242063522,0.0,0.0
kodim03.png,WebP,80,0.6448974609375,,38.06072332340759,0.9494478817175369,0.9494478817175369,0.05578182637691498,0.0,0.0
kodim03.png,WebP,95,1.8484293619791667,,42.63163693679276,0.9781818013046961,0.9781818013046961,0.010924844071269035,0.0,0.0
kodim04.png,Ours (Multi-Mode RDO),1,0.92816162109375,1.729785442352295,24.96114633389571,0.7198746456930749,0.6951039688021216,0.34985482692718506,0.0,0.0
kodim04.png,Ours (Multi-Mode RDO),5,0.9170328776041666,1.7414214611053467,24.95897156831814,0.7195280677918839,0.6948368964916045,0.3504202961921692,0.0,0.0
kodim04.png,Ours (Multi-Mode RDO),10,0.90167236328125,1.735410213470459,24.95816892408756,0.7191634200981917,0.6943706189800443,0.3513377606868744,0.0,0.0
kodim04.png,Ours (Multi-Mode RDO),20,0.8725789388020834,1.7241392135620117,24.95521430462693,0.7183463374239065,0.6933363122317732,0.3535746932029724,0.0,0.0
kodim04.png,Ours (Multi-Mode RDO),40,0.8271484375,1.698704719543457,24.947953870729826,0.7166324235509874,0.6911440230966185,0.3581947684288025,0.0,0.0
kodim04.png,Ours (Multi-Mode RDO),70,0.7769368489583334,1.6686241626739502,24.9305754434712,0.7133982044320534,0.6872113705344061,0.3666975498199463,0.0,0.0
kodim04.png,Ours (Multi-Mode RDO),110,0.7269287109375,1.6160759925842285,24.91107776167299,0.7096893007239856,0.6826057520717129,0.37238287925720215,0.0,0.0
kodim04.png,Ours (Multi-Mode RDO),150,0.68121337890625,1.609588384628296,24.877824178632796,0.705202754185029,0.6772403594073333,0.38129228353500366,0.0,0.0
kodim04.png,Standard RDO (No Saliency),1,0.3140869140625,0.602262020111084,21.74338166397543,0.6077211948094311,0.5438421930880356,0.5727760791778564,0.0,0.0
kodim04.png,Standard RDO (No Saliency),5,0.3101603190104167,0.5854964256286621,21.74278338133208,0.6075840276257679,0.5437210836583978,0.5727978348731995,0.0,0.0
kodim04.png,Standard RDO (No Saliency),10,0.3073933919270833,0.5850238800048828,21.742399041092973,0.6074727063794607,0.5436409765837008,0.573022723197937,0.0,0.0
kodim04.png,Standard RDO (No Saliency),20,0.30303955078125,0.5831711292266846,21.74169285266876,0.6071835937885072,0.5433357880459123,0.5737190246582031,0.0,0.0
kodim04.png,Standard RDO (No Saliency),40,0.2946370442708333,0.5867056846618652,21.734727482814584,0.6066046260985969,0.5427998192732887,0.5756441354751587,0.0,0.0
kodim04.png,Standard RDO (No Saliency),70,0.2865804036458333,0.5823342800140381,21.729515582743623,0.6056897739795466,0.5419717242996084,0.5772477984428406,0.0,0.0
kodim04.png,Standard RDO (No Saliency),110,0.2727254231770833,0.5786418914794922,21.71695231351081,0.6042533710226708,0.5405739576297849,0.5809252262115479,0.0,0.0
kodim04.png,Standard RDO (No Saliency),150,0.2630208333333333,0.5688178539276123,21.703729314846896,0.6028394100387346,0.5394067696882675,0.5837674140930176,0.0,0.0
kodim04.png,JPEG,10,0.2629191080729167,,27.826636520160054,0.722886500563778,0.722886500563778,0.40064549446105957,0.0,0.0
kodim04.png,JPEG,20,0.4078572591145833,,30.351398081737756,0.8082753788689717,0.8082753788689717,0.247879296541214,0.0,0.0
kodim04.png,JPEG,40,0.6465250651041666,,32.578221824481886,0.8698712464587371,0.8698712464587371,0.1407126486301422,0.0,0.0
kodim04.png,JPEG,60,0.8688761393229166,,33.900947608922806,0.898904142853433,0.898904142853433,0.09237046539783478,0.0,0.0
kodim04.png,JPEG,80,1.34967041015625,,36.02921473598347,0.9316866213314626,0.9316866213314626,0.04117953032255173,0.0,0.0
kodim04.png,JPEG,95,3.0637003580729165,,40.90788961233863,0.9732955431858056,0.9732955431858056,0.008425344713032246,0.0,0.0
kodim04.png,WebP,10,0.1859130859375,,29.84070606923386,0.7697218539009052,0.7697218539009052,0.31112194061279297,0.0,0.0
kodim04.png,WebP,20,0.2642822265625,,30.975700808977663,0.8126805856099852,0.8126805856099852,0.23852793872356415,0.0,0.0
kodim04.png,WebP,40,0.4259033203125,,32.7997109713714,0.8651498072669958,0.8651498072669958,0.16278903186321259,0.0,0.0
kodim04.png,WebP,60,0.5982259114583334,,34.198330815173534,0.8958609357940301,0.8958609357940301,0.12167558073997498,0.0,0.0
kodim04.png,WebP,80,0.9605305989583334,,36.47688702720297,0.9312726834130395,0.9312726834130395,0.0703495666384697,0.0,0.0
kodim04.png,WebP,95,2.6780192057291665,,42.11128805016216,0.9797342588223638,0.9797342588223638,0.007974504493176937,0.0,0.0
kodim05.png,Ours (Multi-Mode RDO),1,1.2104085286458333,1.868473768234253,20.953464381052214,0.5877760735423513,0.5901693301790693,0.41192203760147095,0.0,0.0
kodim05.png,Ours (Multi-Mode RDO),5,1.2066446940104167,1.865335464477539,20.953127545309933,0.5876221841943544,0.5900473740350525,0.41204556822776794,0.0,0.0
kodim05.png,Ours (Multi-Mode RDO),10,1.20263671875,1.9051845073699951,20.95301527723511,0.5874687456788363,0.5899756698201644,0.41215866804122925,0.0,0.0
kodim05.png,Ours (Multi-Mode RDO),20,1.1926676432291667,1.905409336090088,20.951465284490283,0.5869256534411242,0.5896156969027946,0.41252225637435913,0.0,0.0
kodim05.png,Ours (Multi-Mode RDO),40,1.1770426432291667,1.8901898860931396,20.94795473547578,0.5857150842797235,0.5889180514906944,0.41337060928344727,0.0,0.0
kodim05.png,Ours (Multi-Mode RDO),70,1.1560262044270833,1.8421721458435059,20.937494139368,0.5834971128029975,0.5876599799972225,0.415136456489563,0.0,0.0
kodim05.png,Ours (Multi-Mode RDO),110,1.1305745442708333,1.864269733428955,20.915110372825232,0.5803831409577428,0.5859366041851424,0.41655412316322327,0.0,0.0
kodim05.png,Ours (Multi-Mode RDO),150,1.1058553059895833,1.8444387912750244,20.903315693330896,0.5773941193767028,0.5840358128534356,0.4188343286514282,0.0,0.0
kodim05.png,Standard RDO (No Saliency),1,1.0574951171875,1.62660813331604,20.801985839096858,0.5584790305210915,0.5450082637022096,0.42614495754241943,0.0,0.0
kodim05.png,Standard RDO (No Saliency),5,1.0529988606770833,1.632549524307251,20.80141198755453,0.5583141633639213,0.5448351770728946,0.4261479675769806,0.0,0.0
kodim05.png,Standard RDO (No Saliency),10,1.0480550130208333,1.6630258560180664,20.800236084502977,0.5578950860940105,0.5442251417882136,0.426313191652298,0.0,0.0
kodim05.png,Standard RDO (No Saliency),20,1.0384724934895833,1.6717264652252197,20.798081168201072,0.5571642230548566,0.543424798288343,0.42723965644836426,0.0,0.0
kodim05.png,Standard RDO (No Saliency),40,1.0217692057291667,1.6453015804290771,20.7926560383129,0.5553459218167258,0.5413544242085653,0.42836061120033264,0.0,0.0
kodim05.png,Standard RDO (No Saliency),70,1.0010782877604167,1.616086483001709,20.784626548050866,0.5530188283158414,0.5389152926872045,0.4299211800098419,0.0,0.0
kodim05.png,Standard RDO (No Saliency),110,0.9751790364583334,1.6343457698822021,20.764531320177745,0.5495485313109273,0.5352831116317192,0.4317602813243866,0.0,0.0
kodim05.png,Standard RDO (No Saliency),150,0.9485880533854166,1.7197556495666504,20.745930166652002,0.5451776384556635,0.5297143336464295,0.4342675805091858,0.0,0.0
kodim05.png,JPEG,10,0.5044759114583334,,23.949707229731864,0.7385411591048422,0.7385411591048422,0.21427428722381592,0.0,0.0
kodim05.png,JPEG,20,0.7994384765625,,26.332662053640576,0.8350173420004484,0.8350173420004484,0.11079604178667068,0.0,0.0
kodim05.png,JPEG,40,1.2269490559895833,,28.750796953619226,0.8971994978934476,0.8971994978934476,0.05023308843374252,0.0,0.0
kodim05.png,JPEG,60,1.5951131184895833,,30.43433922274191,0.9258411484983698,0.9258411484983698,0.02946178801357746,0.0,0.0
kodim05.png,JPEG,80,2.33380126953125,,33.30127124810811,0.9566874408295517,0.9566874408295517,0.013641586527228355,0.0,0.0
kodim05.png,JPEG,95,4.590230305989583,,39.20165187290766,0.9864556334478959,0.9864556334478959,0.0037486152723431587,0.0,0.0
kodim05.png,WebP,10,0.5602620442708334,,26.796829503147226,0.8344044320159774,0.8344044320159774,0.11503385752439499,0.0,0.0
kodim05.png,WebP,20,0.7500813802083334,,28.273333690100326,0.8793711669624947,0.8793711669624947,0.07506914436817169,0.0,0.0
kodim05.png,WebP,40,1.0717366536458333,,30.49698833616099,0.9222313753330854,0.9222313753330854,0.045203305780887604,0.0,0.0
kodim05.png,WebP,60,1.3816731770833333,,32.29239196502371,0.9454703391499203,0.9454703391499203,0.030554842203855515,0.0,0.0
kodim05.png,WebP,80,1.9417317708333333,,34.996797124272454,0.9685207023251587,0.9685207023251587,0.01625058241188526,0.0,0.0
kodim05.png,WebP,95,3.8094482421875,,40.47171960939059,0.9902658075200462,0.9902658075200462,0.003712522331625223,0.0,0.0
kodim06.png,Ours (Multi-Mode RDO),1,0.5584513346354166,1.0062084197998047,21.43872576968906,0.5704294568567536,0.6651838970296952,0.45870763063430786,0.0,0.0
kodim06.png,Ours (Multi-Mode RDO),5,0.554443359375,0.9984064102172852,21.438563743376847,0.5703038216848128,0.6655203220739819,0.45865878462791443,0.0,0.0
kodim06.png,Ours (Multi-Mode RDO),10,0.5505167643229166,1.0075640678405762,21.437148887940882,0.5699180847098058,0.6654949081718299,0.459092915058136,0.0,0.0
kodim06.png,Ours (Multi-Mode RDO),20,0.54461669921875,1.0031495094299316,21.43517984135061,0.5693486297893323,0.6653606530863573,0.4590326249599457,0.0,0.0
kodim06.png,Ours (Multi-Mode RDO),40,0.5355021158854166,1.0126409530639648,21.431526253077177,0.5682639927033876,0.6649598023288497,0.45996344089508057,0.0,0.0
kodim06.png,Ours (Multi-Mode RDO),70,0.5203043619791666,0.9800424575805664,21.425024723011035,0.5666035460629805,0.6624603593516565,0.46165454387664795,0.0,0.0
kodim06.png,Ours (Multi-Mode RDO),110,0.4990030924479167,0.9793040752410889,21.39792665595126,0.562921071657819,0.6560888758906246,0.4677833318710327,0.0,0.0
kodim06.png,Ours (Multi-Mode RDO),150,0.4783528645833333,0.9939849376678467,21.365865283998854,0.5594301716582911,0.6540809187962168,0.47410231828689575,0.0,0.0
kodim06.png,Standard RDO (No Saliency),1,0.52899169921875,0.9654185771942139,19.821024620248455,0.5468345815437693,0.586919449855332,0.4765130877494812,0.0,0.0
kodim06.png,Standard RDO (No Saliency),5,0.5251668294270834,0.971623420715332,19.820784083796156,0.5466657916404288,0.5867886809245336,0.4766460061073303,0.0,0.0
kodim06.png,Standard RDO (No Saliency),10,0.5206705729166666,0.9475696086883545,19.819729440401343,0.5462482860911545,0.58639459365599,0.47718527913093567,0.0,0.0
kodim06.png,Standard RDO (No Saliency),20,0.513916015625,0.936408519744873,19.81804527233992,0.545565349526634,0.5854907441985308,0.47690922021865845,0.0,0.0
kodim06.png,Standard RDO (No Saliency),40,0.5043741861979166,0.9426350593566895,19.815643729473948,0.5444039263153299,0.5834638512888879,0.4779268801212311,0.0,0.0
kodim06.png,Standard RDO (No Saliency),70,0.48944091796875,0.9337375164031982,19.810876366375986,0.5427240075805629,0.5807305256789941,0.4801958501338959,0.0,0.0
kodim06.png,Standard RDO (No Saliency),110,0.4695638020833333,0.9334449768066406,19.799226731136926,0.5396636694389737,0.5780105994481206,0.4859364926815033,0.0,0.0
kodim06.png,Standard RDO (No Saliency),150,0.4490559895833333,0.9277396202087402,19.77706115612745,0.5360372360299966,0.5738553199520112,0.49295443296432495,0.0,0.0
kodim06.png,JPEG,10,0.3553263346354167,,25.685190117793113,0.7275982069047346,0.7275982069047346,0.3039485812187195,0.0,0.0
kodim06.png,JPEG,20,0.5673624674479166,,28.113522188375264,0.8229785526361629,0.8229785526361629,0.17307253181934357,0.0,0.0
kodim06.png,JPEG,40,0.8817545572916666,,30.382748505281786,0.8860693644241454,0.8860693644241454,0.0921916738152504,0.0,0.0
kodim06.png,JPEG,60,1.1597493489583333,,31.97325853866069,0.9149414546006014,0.9149414546006014,0.06213176250457764,0.0,0.0
kodim06.png,JPEG,80,1.7210286458333333,,34.7410309365738,0.9480473507495635,0.9480473507495635,0.02932880073785782,0.0,0.0
kodim06.png,JPEG,95,3.6039225260416665,,40.67426763673457,0.9817132693183717,0.9817132693183717,0.006605383008718491,0.0,0.0
kodim06.png,WebP,10,0.3424886067708333,,28.041094771281067,0.7956507143629393,0.7956507143629393,0.2031988948583603,0.0,0.0
kodim06.png,WebP,20,0.4761149088541667,,29.465543319649214,0.8508156397813375,0.8508156397813375,0.14114564657211304,0.0,0.0
kodim06.png,WebP,40,0.747802734375,,31.763327957769512,0.9049982064297567,0.9049982064297567,0.08923403918743134,0.0,0.0
kodim06.png,WebP,60,0.9853922526041666,,33.45414192122328,0.9312947022912157,0.9312947022912157,0.06390603631734848,0.0,0.0
kodim06.png,WebP,80,1.4347330729166667,,36.15472512701069,0.9585979186602575,0.9585979186602575,0.037394069135189056,0.0,0.0
kodim06.png,WebP,95,3.1540120442708335,,42.09992682462584,0.9864657059172727,0.9864657059172727,0.005319960415363312,0.0,0.0
kodim07.png,Ours (Multi-Mode RDO),1,0.6211344401041666,1.0379517078399658,23.309252657581794,0.7388899121326368,0.6122181491901764,0.3656969666481018,0.0,0.0
kodim07.png,Ours (Multi-Mode RDO),5,0.6162923177083334,1.0302963256835938,23.308434948398226,0.73876876769284,0.6122029252959965,0.3658493459224701,0.0,0.0
kodim07.png,Ours (Multi-Mode RDO),10,0.6121012369791666,1.0348691940307617,23.30789510892297,0.7385745654363527,0.6121645023524495,0.3664887547492981,0.0,0.0
kodim07.png,Ours (Multi-Mode RDO),20,0.60601806640625,1.0375699996948242,23.305395178904767,0.7381954564068237,0.6121022543816299,0.3674478232860565,0.0,0.0
kodim07.png,Ours (Multi-Mode RDO),40,0.59637451171875,1.0222232341766357,23.301671199498237,0.737322301126532,0.6113168398748052,0.3685939610004425,0.0,0.0
kodim07.png,Ours (Multi-Mode RDO),70,0.5847981770833334,1.0330519676208496,23.29497394740873,0.7361925450086488,0.6110082441618272,0.3709183633327484,0.0,0.0
kodim07.png,Ours (Multi-Mode RDO),110,0.57122802734375,1.012636661529541,23.27484186843538,0.7341459640459682,0.608487989703159,0.373161643743515,0.0,0.0
kodim07.png,Ours (Multi-Mode RDO),150,0.5616658528645834,1.0311543941497803,23.262726109620235,0.7326525668118347,0.6071139011470235,0.37526851892471313,0.0,0.0
kodim07.png,Standard RDO (No Saliency),1,0.6051432291666666,1.0371856689453125,23.274812961153373,0.7359812849266815,0.5531439930269881,0.36757999658584595,0.0,0.0
kodim07.png,Standard RDO (No Saliency),5,0.6001180013020834,1.1561872959136963,23.2739817124081,0.7358572333954455,0.5531062786908787,0.36774981021881104,0.0,0.0
kodim07.png,Standard RDO (No Saliency),10,0.5956827799479166,1.0532946586608887,23.273542398212193,0.7356930878721792,0.5539011037410272,0.36844053864479065,0.0,0.0
kodim07.png,Standard RDO (No Saliency),20,0.5899658203125,1.0401947498321533,23.270990615370618,0.7352947823480953,0.5526073879149076,0.3693363070487976,0.0,0.0
kodim07.png,Standard RDO (No Saliency),40,0.57965087890625,1.0156588554382324,23.26698160577913,0.7343541897280227,0.5507211530433561,0.37050867080688477,0.0,0.0
kodim07.png,Standard RDO (No Saliency),70,0.5680135091145834,1.0184259414672852,23.259354665602253,0.7331174847457399,0.5482463698890513,0.37271571159362793,0.0,0.0
kodim07.png,Standard RDO (No Saliency),110,0.5533243815104166,1.0131373405456543,23.238344126069226,0.7309275610185896,0.5426064415905635,0.3749324679374695,0.0,0.0
kodim07.png,Standard RDO (No Saliency),150,0.5424397786458334,1.0133535861968994,23.22474088567739,0.7292845515712764,0.5385752248465674,0.37713032960891724,0.0,0.0
kodim07.png,JPEG,10,0.310302734375,,27.714738431154913,0.8251553583477462,0.8251553583477462,0.23119321465492249,0.0,0.0
kodim07.png,JPEG,20,0.4541829427083333,,30.667289383939405,0.8889691175905906,0.8889691175905906,0.12945139408111572,0.0,0.0
kodim07.png,JPEG,40,0.6661173502604166,,33.120254956395875,0.9255833711338656,0.9255833711338656,0.06679531931877136,0.0,0.0
kodim07.png,JPEG,60,0.8568115234375,,34.66969899762552,0.9431685405619477,0.9431685405619477,0.04711925610899925,0.0,0.0
kodim07.png,JPEG,80,1.2646891276041667,,37.07884767417451,0.9612397790124102,0.9612397790124102,0.026047587394714355,0.0,0.0
kodim07.png,JPEG,95,2.7181396484375,,41.87022341664631,0.9812848124325514,0.9812848124325514,0.005766917020082474,0.0,0.0
kodim07.png,WebP,10,0.23299153645833334,,30.39877408518472,0.8851316104619467,0.8851316104619467,0.15009838342666626,0.0,0.0
kodim07.png,WebP,20,0.2982584635416667,,31.692211627364433,0.9084426612858643,0.9084426612858643,0.10934709757566452,0.0,0.0
kodim07.png,WebP,40,0.4292399088541667,,33.775436306714575,0.9342410268771252,0.9342410268771252,0.07200473546981812,0.0,0.0
kodim07.png,WebP,60,0.5526529947916666,,35.30807015780658,0.9479823536254038,0.9479823536254038,0.05675068497657776,0.0,0.0
kodim07.png,WebP,80,0.7952880859375,,37.574885540841045,0.9629935959057946,0.9629935959057946,0.03855274245142937,0.0,0.0
kodim07.png,WebP,95,2.08203125,,42.57715501310373,0.9822909511331287,0.9822909511331287,0.007462003733962774,0.0,0.0
kodim08.png,Ours (Multi-Mode RDO),1,1.0694783528645833,1.7366507053375244,18.527350813662387,0.5425219223473657,0.5169623407279812,0.3742661774158478,0.0,0.0
kodim08.png,Ours (Multi-Mode RDO),5,1.06439208984375,1.719238042831421,18.526165864187117,0.5421715392142316,0.5170046335541244,0.3742315173149109,0.0,0.0
kodim08.png,Ours (Multi-Mode RDO),10,1.05914306640625,1.7173521518707275,18.524559555846626,0.5418879626877128,0.5169279369914337,0.37467682361602783,0.0,0.0
kodim08.png,Ours (Multi-Mode RDO),20,1.04962158203125,1.816814661026001,18.52257410150664,0.5411611271020923,0.5162982730064356,0.3751267194747925,0.0,0.0
kodim08.png,Ours (Multi-Mode RDO),40,1.03497314453125,1.7097880840301514,18.519150809853336,0.5398274042058965,0.5160199181784346,0.376380980014801,0.0,0.0
kodim08.png,Ours (Multi-Mode RDO),70,1.0193074544270833,1.731308937072754,18.514360140456326,0.5380408266472377,0.5149743796199008,0.3775729537010193,0.0,0.0
kodim08.png,Ours (Multi-Mode RDO),110,0.9934285481770834,1.7163925170898438,18.506534168213616,0.5353647239344198,0.5126470109859751,0.379263699054718,0.0,0.0
kodim08.png,Ours (Multi-Mode RDO),150,0.9718221028645834,1.6827013492584229,18.492038469964175,0.5325337823327098,0.5104276794924356,0.38289493322372437,0.0,0.0
kodim08.png,Standard RDO (No Saliency),1,1.0299275716145833,1.6771667003631592,18.52013539907261,0.53565490588956,0.4561935822385889,0.3778582513332367,0.0,0.0
kodim08.png,Standard RDO (No Saliency),5,1.02410888671875,1.673224925994873,18.518830389575665,0.5352584797971307,0.45578919297131976,0.3776564300060272,0.0,0.0
kodim08.png,Standard RDO (No Saliency),10,1.0187784830729167,1.7546563148498535,18.517203890209554,0.5349593505817546,0.4556290596205037,0.37817221879959106,0.0,0.0
kodim08.png,Standard RDO (No Saliency),20,1.00860595703125,1.6473238468170166,18.51505795001868,0.5341783925671574,0.4547119671461687,0.3784589171409607,0.0,0.0
kodim08.png,Standard RDO (No Saliency),40,0.9924519856770834,1.649122953414917,18.511459210831326,0.5326841936614038,0.45288763726403203,0.379977822303772,0.0,0.0
kodim08.png,Standard RDO (No Saliency),70,0.9760335286458334,1.6446378231048584,18.506200801164717,0.5306880042643792,0.44932835530508153,0.38136234879493713,0.0,0.0
kodim08.png,Standard RDO (No Saliency),110,0.9507853190104166,1.620312213897705,18.497065966086293,0.5275546911824772,0.4424646580777585,0.38426992297172546,0.0,0.0
kodim08.png,Standard RDO (No Saliency),150,0.9271647135416666,1.6178417205810547,18.48156263177914,0.5242129888984671,0.43383109140020737,0.38793760538101196,0.0,0.0
kodim08.png,JPEG,10,0.5213826497395834,,23.645473525470777,0.7636124399121839,0.7636124399121839,0.19529032707214355,0.0,0.0
kodim08.png,JPEG,20,0.8068440755208334,,26.02317306244519,0.8407689510388675,0.8407689510388675,0.11063088476657867,0.0,0.0
kodim08.png,JPEG,40,1.22894287109375,,28.571054068772778,0.896592369106934,0.896592369106934,0.05474107712507248,0.0,0.0
kodim08.png,JPEG,60,1.6001993815104167,,30.268041053649007,0.9222937910119323,0.9222937910119323,0.03355737403035164,0.0,0.0
kodim08.png,JPEG,80,2.3458455403645835,,33.13255577119025,0.9523486561437462,0.9523486561437462,0.014364385977387428,0.0,0.0
kodim08.png,JPEG,95,4.705891927083333,,39.18476317254549,0.98574105532943,0.98574105532943,0.0036297691985964775,0.0,0.0
kodim08.png,WebP,10,0.6102701822916666,,26.924611572017575,0.8469587054286376,0.8469587054286376,0.12767010927200317,0.0,0.0
kodim08.png,WebP,20,0.80517578125,,28.500609181516595,0.8837756047552175,0.8837756047552175,0.08766443282365799,0.0,0.0
kodim08.png,WebP,40,1.1448974609375,,30.792038574440433,0.9232442074644295,0.9232442074644295,0.04369042441248894,0.0,0.0
kodim08.png,WebP,60,1.4567057291666667,,32.537885085011176,0.9443348993401045,0.9443348993401045,0.027449671179056168,0.0,0.0
kodim08.png,WebP,80,2.0106201171875,,35.09460339800417,0.9667373094833479,0.9667373094833479,0.01564767211675644,0.0,0.0
kodim08.png,WebP,95,4.1236572265625,,41.04044138292358,0.9915990256372273,0.9915990256372273,0.002925754524767399,0.0,0.0
kodim09.png,Ours (Multi-Mode RDO),1,0.5351359049479166,1.1169192790985107,20.48848557481452,0.7361100079877506,0.760578851961386,0.43593236804008484,0.0,0.0
kodim09.png,Ours (Multi-Mode RDO),5,0.523681640625,1.0898354053497314,20.487574597906637,0.7358705798080717,0.7602586985763901,0.43632012605667114,0.0,0.0
kodim09.png,Ours (Multi-Mode RDO),10,0.5116984049479166,1.1556880474090576,20.48726897140467,0.7357058966266496,0.7599896496897944,0.4367046356201172,0.0,0.0
kodim09.png,Ours (Multi-Mode RDO),20,0.4925740559895833,1.0507206916809082,20.48624600437934,0.7350921600068742,0.7589405941191202,0.4379085600376129,0.0,0.0
kodim09.png,Ours (Multi-Mode RDO),40,0.4673868815104167,1.0486483573913574,20.48333304382052,0.733776668312273,0.7562266864729482,0.43987053632736206,0.0,0.0
kodim09.png,Ours (Multi-Mode RDO),70,0.4441935221354167,1.048553705215454,20.47855949701022,0.7321514613212426,0.7536080562861579,0.44170135259628296,0.0,0.0
kodim09.png,Ours (Multi-Mode RDO),110,0.4219563802083333,1.0451428890228271,20.4755707330863,0.7298818487970878,0.7507591543009468,0.4433201253414154,0.0,0.0
kodim09.png,Ours (Multi-Mode RDO),150,0.4065755208333333,1.015981674194336,20.46571821391602,0.7275826982928554,0.7477249980426363,0.4449708163738251,0.0,0.0
kodim09.png,Standard RDO (No Saliency),1,0.3572998046875,0.6832726001739502,19.971529308574286,0.7095927771139894,0.6856103927348647,0.4805890917778015,0.0,0.0
kodim09.png,Standard RDO (No Saliency),5,0.35345458984375,0.677964448928833,19.971259328206983,0.7094194248203506,0.6853954750318221,0.48088616132736206,0.0,0.0
kodim09.png,Standard RDO (No Saliency),10,0.3497111002604167,0.6766023635864258,19.971006231230387,0.7092704341720962,0.6852179406047438,0.4810170531272888,0.0,0.0
kodim09.png,Standard RDO (No Saliency),20,0.34515380859375,0.6654052734375,19.971857306679404,0.7089792776455991,0.684887389272899,0.48162519931793213,0.0,0.0
kodim09.png,Standard RDO (No Saliency),40,0.3381144205729167,0.674919605255127,19.970906837853587,0.7084239070414554,0.6841358221156384,0.4818872809410095,0.0,0.0
kodim09.png,Standard RDO (No Saliency),70,0.3293253580729167,0.6581683158874512,19.968992048678032,0.7073784994127109,0.6829425098761507,0.4835567772388458,0.0,0.0
kodim09.png,Standard RDO (No Saliency),110,0.3166300455729167,0.666407585144043,19.966271294975872,0.7054759385002883,0.6811215725699933,0.4845794141292572,0.0,0.0
kodim09.png,Standard RDO (No Saliency),150,0.3048299153645833,0.656865119934082,19.957790674442258,0.703298425292377,0.6784065537882243,0.4872473478317261,0.0,0.0
kodim09.png,JPEG,10,0.2668863932291667,,28.552007911247866,0.8147373181472947,0.8147373181472947,0.356779009103775,0.0,0.0
kodim09.png,JPEG,20,0.3787434895833333,,31.363579120226305,0.8675701231928277,0.8675701231928277,0.24512547254562378,0.0,0.0
kodim09.png,JPEG,40,0.5489705403645834,,33.79283573065504,0.9049039563402462,0.9049039563402462,0.17372283339500427,0.0,0.0
kodim09.png,JPEG,60,0.71136474609375,,35.192047181727574,0.9206347250353809,0.9206347250353809,0.1458730399608612,0.0,0.0
kodim09.png,JPEG,80,1.1167195638020833,,37.44102635114964,0.9397716627916495,0.9397716627916495,0.07879910618066788,0.0,0.0
kodim09.png,JPEG,95,2.70123291015625,,41.673104948288554,0.9678541338396709,0.9678541338396709,0.009297862648963928,0.0,0.0
kodim09.png,WebP,10,0.176025390625,,31.17642841589765,0.8575129685669557,0.8575129685669557,0.24110740423202515,0.0,0.0
kodim09.png,WebP,20,0.23006184895833334,,32.44699411668869,0.882113512936448,0.882113512936448,0.2015230506658554,0.0,0.0
kodim09.png,WebP,40,0.3424479166666667,,34.36615959661121,0.9098712018779335,0.9098712018779335,0.1556570678949356,0.0,0.0
kodim09.png,WebP,60,0.4464111328125,,35.72195780030113,0.9230292065510417,0.9230292065510417,0.13713490962982178,0.0,0.0
kodim09.png,WebP,80,0.6712239583333334,,37.7340647859075,0.9373733223706316,0.9373733223706316,0.11234526336193085,0.0,0.0
kodim09.png,WebP,95,2.4079996744791665,,42.780835120494345,0.9757813198095922,0.9757813198095922,0.00833848025649786,0.0,0.0
kodim10.png,Ours (Multi-Mode RDO),1,0.3321533203125,0.6479313373565674,24.366922562977592,0.671646474994897,0.7510169844784321,0.5016748905181885,0.0,0.0
kodim10.png,Ours (Multi-Mode RDO),5,0.32861328125,0.6437418460845947,24.366670088068023,0.6715621227255406,0.7505401544318496,0.5017485022544861,0.0,0.0
kodim10.png,Ours (Multi-Mode RDO),10,0.325927734375,0.6450729370117188,24.366336685831516,0.6714654701145643,0.7503624967124316,0.5018918514251709,0.0,0.0
kodim10.png,Ours (Multi-Mode RDO),20,0.3221638997395833,0.6548550128936768,24.365075757504098,0.6711480020250038,0.7499364318616144,0.5021116733551025,0.0,0.0
kodim10.png,Ours (Multi-Mode RDO),40,0.31561279296875,0.7391252517700195,24.361439477345705,0.6704156769102979,0.747372656899603,0.5030540823936462,0.0,0.0
kodim10.png,Ours (Multi-Mode RDO),70,0.3076375325520833,0.6469190120697021,24.35222828425058,0.6693133451512207,0.7445612849995128,0.5039640665054321,0.0,0.0
kodim10.png,Ours (Multi-Mode RDO),110,0.29931640625,0.6363160610198975,24.329336770398974,0.6679000007684711,0.7430737717736421,0.505131721496582,0.0,0.0
kodim10.png,Ours (Multi-Mode RDO),150,0.2912394205729167,0.6310069561004639,24.321453021172736,0.6666107561546526,0.7391296982360145,0.5067674517631531,0.0,0.0
kodim10.png,Standard RDO (No Saliency),1,0.3173014322916667,0.6279048919677734,24.278597632460105,0.6674335394020287,0.6745057767716223,0.508216381072998,0.0,0.0
kodim10.png,Standard RDO (No Saliency),5,0.314208984375,0.6166491508483887,24.278377048622772,0.6673648338498426,0.6744449433094113,0.5082511901855469,0.0,0.0
kodim10.png,Standard RDO (No Saliency),10,0.3114420572916667,0.6380720138549805,24.278040879599004,0.6672724848425552,0.6741158643724625,0.5083344578742981,0.0,0.0
kodim10.png,Standard RDO (No Saliency),20,0.3080240885416667,0.6277139186859131,24.276786665544435,0.6669469360471473,0.6726489982438418,0.508609414100647,0.0,0.0
kodim10.png,Standard RDO (No Saliency),40,0.3026123046875,0.6218621730804443,24.273519705826672,0.6663249420312182,0.6724366601876509,0.5094311833381653,0.0,0.0
kodim10.png,Standard RDO (No Saliency),70,0.2956339518229167,0.6184749603271484,24.26637178690575,0.6653276220911705,0.668077921085141,0.5102063417434692,0.0,0.0
kodim10.png,Standard RDO (No Saliency),110,0.2872721354166667,0.6096856594085693,24.243249555331836,0.6638722980183648,0.6666252451766674,0.5115021467208862,0.0,0.0
kodim10.png,Standard RDO (No Saliency),150,0.27923583984375,0.6178369522094727,24.235501786347157,0.6626818763845383,0.6624195865712821,0.5131511092185974,0.0,0.0
kodim10.png,JPEG,10,0.2728271484375,,28.212210454067296,0.7830868440161943,0.7830868440161943,0.3266945779323578,0.0,0.0
kodim10.png,JPEG,20,0.4007364908854167,,30.954389488057018,0.8497154736184283,0.8497154736184283,0.21062704920768738,0.0,0.0
kodim10.png,JPEG,40,0.6045939127604166,,33.421537229121,0.8964434024720417,0.8964434024720417,0.12245793640613556,0.0,0.0
kodim10.png,JPEG,60,0.7967732747395834,,34.92215922663866,0.9175349891823069,0.9175349891823069,0.08990263938903809,0.0,0.0
kodim10.png,JPEG,80,1.2350667317708333,,37.202396580186424,0.9412474739822332,0.9412474739822332,0.04342545196413994,0.0,0.0
kodim10.png,JPEG,95,2.8474934895833335,,41.42824174375833,0.9714511737735979,0.9714511737735979,0.006980780977755785,0.0,0.0
kodim10.png,WebP,10,0.1986083984375,,30.914810403456215,0.8374011047860336,0.8374011047860336,0.27129989862442017,0.0,0.0
kodim10.png,WebP,20,0.2679443359375,,32.14198164194258,0.868178409232825,0.868178409232825,0.20801052451133728,0.0,0.0
kodim10.png,WebP,40,0.3929443359375,,34.01303366624343,0.9006687200690752,0.9006687200690752,0.1449560821056366,0.0,0.0
kodim10.png,WebP,60,0.5174967447916666,,35.3300210297307,0.9169917220254863,0.9169917220254863,0.11678481101989746,0.0,0.0
kodim10.png,WebP,80,0.7766927083333334,,37.32873845714784,0.9381437644172473,0.9381437644172473,0.07499586045742035,0.0,0.0
kodim10.png,WebP,95,2.5270182291666665,,42.56811486316492,0.9782514915670237,0.9782514915670237,0.006955338642001152,0.0,0.0
kodim11.png,Ours (Multi-Mode RDO),1,0.4883219401041667,0.8755030632019043,19.13637166579042,0.5655754344973335,0.6053724946304497,0.454542875289917,0.0,0.0
kodim11.png,Ours (Multi-Mode RDO),5,0.4848836263020833,0.8824939727783203,19.13619162213414,0.5654590080976974,0.6053099502579217,0.45461270213127136,0.0,0.0
kodim11.png,Ours (Multi-Mode RDO),10,0.4807332356770833,0.887556791305542,19.135927925504504,0.5652450034468522,0.6050223776366516,0.4545557200908661,0.0,0.0
kodim11.png,Ours (Multi-Mode RDO),20,0.4737752278645833,0.8895409107208252,19.13409416264073,0.5646380614670089,0.6045630931137831,0.454971581697464,0.0,0.0
kodim11.png,Ours (Multi-Mode RDO),40,0.4652099609375,0.8729197978973389,19.133052478625228,0.5637489337597132,0.6031496961245196,0.4559970796108246,0.0,0.0
kodim11.png,Ours (Multi-Mode RDO),70,0.4503173828125,0.8703219890594482,19.12865751054704,0.5619243185337859,0.6015080903178133,0.45738106966018677,0.0,0.0
kodim11.png,Ours (Multi-Mode RDO),110,0.4355265299479167,0.871788501739502,19.12256510746046,0.5593553589329755,0.5995163875050974,0.4596205949783325,0.0,0.0
kodim11.png,Ours (Multi-Mode RDO),150,0.4217732747395833,0.8667342662811279,19.10490948970709,0.5570349054119239,0.5967024914523289,0.4619089961051941,0.0,0.0
kodim11.png,Standard RDO (No Saliency),1,0.45428466796875,0.8318977355957031,19.11806284036985,0.5599785398501244,0.5566948562455544,0.4598131775856018,0.0,0.0
kodim11.png,Standard RDO (No Saliency),5,0.4507649739583333,0.833916187286377,19.11784302777662,0.5598357659712377,0.5563730931543502,0.4599537253379822,0.0,0.0
kodim11.png,Standard RDO (No Saliency),10,0.4468994140625,0.8260533809661865,19.11753716080112,0.5595897532660131,0.5557063895275903,0.4597902297973633,0.0,0.0
kodim11.png,Standard RDO (No Saliency),20,0.4411824544270833,0.8265819549560547,19.115648723502353,0.5589769225694449,0.5550579483425965,0.460051953792572,0.0,0.0
kodim11.png,Standard RDO (No Saliency),40,0.4333902994791667,0.8315536975860596,19.114312139982953,0.5580367068180226,0.5529485318672603,0.4610447287559509,0.0,0.0
kodim11.png,Standard RDO (No Saliency),70,0.4217122395833333,0.8184115886688232,19.107503680253338,0.55614217790544,0.5501333348154904,0.46282750368118286,0.0,0.0
kodim11.png,Standard RDO (No Saliency),110,0.407470703125,0.8074564933776855,19.100486232817214,0.5535553329099865,0.5451901050003665,0.4650738835334778,0.0,0.0
kodim11.png,Standard RDO (No Saliency),150,0.3942057291666667,0.8052365779876709,19.093056421906766,0.551525761151868,0.5409327671935288,0.46710699796676636,0.0,0.0
kodim11.png,JPEG,10,0.3156534830729167,,26.319835626755548,0.7053590415492845,0.7053590415492845,0.31424689292907715,0.0,0.0
kodim11.png,JPEG,20,0.5067545572916666,,28.75549595485002,0.8090681918849553,0.8090681918849553,0.17590242624282837,0.0,0.0
kodim11.png,JPEG,40,0.8059285481770834,,30.95141247728651,0.874237549814139,0.874237549814139,0.10029902309179306,0.0,0.0
kodim11.png,JPEG,60,1.0685017903645833,,32.46895884011095,0.9049706392069662,0.9049706392069662,0.060090430080890656,0.0,0.0
kodim11.png,JPEG,80,1.6083577473958333,,35.14895903959203,0.9402651830230414,0.9402651830230414,0.02867157571017742,0.0,0.0
kodim11.png,JPEG,95,3.44647216796875,,40.91229366338907,0.9795164754259001,0.9795164754259001,0.006490857340395451,0.0,0.0
kodim11.png,WebP,10,0.2798665364583333,,28.82189679223591,0.7796003549423678,0.7796003549423678,0.24284228682518005,0.0,0.0
kodim11.png,WebP,20,0.3958740234375,,30.098401803188246,0.8309645731520502,0.8309645731520502,0.16107682883739471,0.0,0.0
kodim11.png,WebP,40,0.6271158854166666,,32.23818792520848,0.8832972743441229,0.8832972743441229,0.11322145164012909,0.0,0.0
kodim11.png,WebP,60,0.8265380859375,,33.73823513795083,0.912466985728157,0.912466985728157,0.06855640560388565,0.0,0.0
kodim11.png,WebP,80,1.2764485677083333,,36.41428506736137,0.9498664400453013,0.9498664400453013,0.03126070648431778,0.0,0.0
kodim11.png,WebP,95,2.9817301432291665,,42.46436099154665,0.9847706240508528,0.9847706240508528,0.006425120867788792,0.0,0.0
kodim12.png,Ours (Multi-Mode RDO),1,0.2966105143229167,0.582106351852417,23.05199183186488,0.6889383519502491,0.7022618795876383,0.4953286945819855,0.0,0.0
kodim12.png,Ours (Multi-Mode RDO),5,0.2928670247395833,0.5846028327941895,23.05169329873109,0.6888558450900005,0.7020688258864021,0.49527305364608765,0.0,0.0
kodim12.png,Ours (Multi-Mode RDO),10,0.2890828450520833,0.5795552730560303,23.051316894767545,0.6887203649571769,0.7017473063659961,0.49558311700820923,0.0,0.0
kodim12.png,Ours (Multi-Mode RDO),20,0.2818400065104167,0.5743246078491211,23.04903530041078,0.6883558522151052,0.7012217046135614,0.495523065328598,0.0,0.0
kodim12.png,Ours (Multi-Mode RDO),40,0.27276611328125,0.5717167854309082,23.047863713593728,0.6878432753549707,0.699165364624866,0.49588239192962646,0.0,0.0
kodim12.png,Ours (Multi-Mode RDO),70,0.26580810546875,0.5659341812133789,23.045751954561776,0.6872200151714614,0.6971999452888806,0.4960545599460602,0.0,0.0
kodim12.png,Ours (Multi-Mode RDO),110,0.2559611002604167,0.5601100921630859,23.041015457804637,0.6860547349397277,0.6948008024259373,0.4986662268638611,0.0,0.0
kodim12.png,Ours (Multi-Mode RDO),150,0.24892171223958334,0.5625009536743164,23.036004685871138,0.6849720418283644,0.6914466701826513,0.49930721521377563,0.0,0.0
kodim12.png,Standard RDO (No Saliency),1,0.23356119791666666,0.47543907165527344,22.897855299443762,0.6775404787933356,0.5899887638611,0.5084900259971619,0.0,0.0
kodim12.png,Standard RDO (No Saliency),5,0.23020426432291666,0.4748997688293457,22.897560169277433,0.6774649925744893,0.5897533486819944,0.5084803104400635,0.0,0.0
kodim12.png,Standard RDO (No Saliency),10,0.22743733723958334,0.4750053882598877,22.89722400704111,0.6773434838365725,0.5895943976669811,0.5087032318115234,0.0,0.0
kodim12.png,Standard RDO (No Saliency),20,0.22271728515625,0.4747791290283203,22.896391166289817,0.6770414489647076,0.5892127610616776,0.5087659358978271,0.0,0.0
kodim12.png,Standard RDO (No Saliency),40,0.21793619791666666,0.4710507392883301,22.895297520096367,0.6766474342433293,0.5882479912343581,0.5089182257652283,0.0,0.0
kodim12.png,Standard RDO (No Saliency),70,0.21376546223958334,0.4710543155670166,22.892879199788577,0.6760990094204106,0.5867244676349946,0.5089071989059448,0.0,0.0
kodim12.png,Standard RDO (No Saliency),110,0.20619710286458334,0.4750816822052002,22.885908725541853,0.6747399193089808,0.5839671732007221,0.5115411877632141,0.0,0.0
kodim12.png,Standard RDO (No Saliency),150,0.20127360026041666,0.46596312522888184,22.882009972782843,0.6738428731269795,0.5814293139971313,0.5123171806335449,0.0,0.0
kodim12.png,JPEG,10,0.23724365234375,,28.709399980115965,0.7582245146139863,0.7582245146139863,0.30706650018692017,0.0,0.0
kodim12.png,JPEG,20,0.36053466796875,,31.334819244484613,0.8306497771524755,0.8306497771524755,0.19266468286514282,0.0,0.0
kodim12.png,JPEG,40,0.5686442057291666,,33.84723361876064,0.8872904443741128,0.8872904443741128,0.10778965055942535,0.0,0.0
kodim12.png,JPEG,60,0.7603963216145834,,35.286992400726284,0.9118072785832548,0.9118072785832548,0.0751771479845047,0.0,0.0
kodim12.png,JPEG,80,1.1654459635416667,,37.540197350563446,0.9403652676653823,0.9403652676653823,0.03796817362308502,0.0,0.0
kodim12.png,JPEG,95,2.6619669596354165,,42.17663114748987,0.9740271499224376,0.9740271499224376,0.0074795992113649845,0.0,0.0
kodim12.png,WebP,10,0.14823404947916666,,31.165315484457746,0.8070608422004648,0.8070608422004648,0.2803369164466858,0.0,0.0
kodim12.png,WebP,20,0.21207682291666666,,32.36477060263854,0.8408784749839543,0.8408784749839543,0.21811756491661072,0.0,0.0
kodim12.png,WebP,40,0.336669921875,,34.16878518006985,0.8811694442250531,0.8811694442250531,0.1433449387550354,0.0,0.0
kodim12.png,WebP,60,0.46533203125,,35.44874093575287,0.9035783987868267,0.9035783987868267,0.10914695262908936,0.0,0.0
kodim12.png,WebP,80,0.7454427083333334,,37.63857460158205,0.9348769759963172,0.9348769759963172,0.0644465833902359,0.0,0.0
kodim12.png,WebP,95,2.2631022135416665,,43.04794983548093,0.9782773885789883,0.9782773885789883,0.007738638203591108,0.0,0.0
kodim13.png,Ours (Multi-Mode RDO),1,0.9400431315104166,1.6853806972503662,19.89586304241294,0.4441574416717547,0.49598044664067387,0.5901376008987427,0.0,0.0
kodim13.png,Ours (Multi-Mode RDO),5,0.9361368815104166,1.6084141731262207,19.895227004174373,0.4438552068749688,0.495792060373425,0.5901947021484375,0.0,0.0
kodim13.png,Ours (Multi-Mode RDO),10,0.932373046875,1.594433069229126,19.894831021055595,0.4435303961476163,0.4954927734211719,0.5901715159416199,0.0,0.0
kodim13.png,Ours (Multi-Mode RDO),20,0.9237263997395834,1.5939600467681885,19.893460366310553,0.4427969003982282,0.49519204564558617,0.5907953977584839,0.0,0.0
kodim13.png,Ours (Multi-Mode RDO),40,0.9083658854166666,1.6113107204437256,19.889928317667888,0.44118532866274524,0.4937339027195451,0.5926995277404785,0.0,0.0
kodim13.png,Ours (Multi-Mode RDO),70,0.8807779947916666,1.5706610679626465,19.88310956242615,0.43794511104243683,0.4919394960149164,0.5953859090805054,0.0,0.0
kodim13.png,Ours (Multi-Mode RDO),110,0.84405517578125,1.5788683891296387,19.867082876952452,0.4323705247692952,0.4883146438852977,0.5993838310241699,0.0,0.0
kodim13.png,Ours (Multi-Mode RDO),150,0.8053181966145834,1.650712251663208,19.84745341461632,0.42635954777899876,0.4833033308536317,0.6070277094841003,0.0,0.0
kodim13.png,Standard RDO (No Saliency),1,0.9390665690104166,1.6021349430084229,19.89481500586184,0.4439111256012249,0.4946951795584342,0.590198814868927,0.0,0.0
kodim13.png,Standard RDO (No Saliency),5,0.934814453125,1.587934970855713,19.89425515777542,0.44359593852103135,0.4944187716542226,0.5902938842773438,0.0,0.0
kodim13.png,Standard RDO (No Saliency),10,0.9307861328125,1.6134850978851318,19.893783233491572,0.4432840800770866,0.49420750633893235,0.5902292728424072,0.0,0.0
kodim13.png,Standard RDO (No Saliency),20,0.9225260416666666,1.5889036655426025,19.892412909341395,0.44255058432769845,0.4939067785633466,0.5908632278442383,0.0,0.0
kodim13.png,Standard RDO (No Saliency),40,0.9075724283854166,1.6055574417114258,19.8889115354864,0.44096212656690187,0.49237972744135916,0.5927655696868896,0.0,0.0
kodim13.png,Standard RDO (No Saliency),70,0.8801472981770834,1.6056907176971436,19.882114663535695,0.4377373347462708,0.49066522444933697,0.5954415798187256,0.0,0.0
kodim13.png,Standard RDO (No Saliency),110,0.8433024088541666,1.5705888271331787,19.86582322428925,0.4321085088483428,0.4863042445957276,0.5992544293403625,0.0,0.0
kodim13.png,Standard RDO (No Saliency),150,0.8043619791666666,1.5500710010528564,19.845729098514607,0.42605735492730273,0.4802488435344515,0.6071246862411499,0.0,0.0
kodim13.png,JPEG,10,0.5034586588541666,,22.797352505283357,0.6664721094317801,0.6664721094317801,0.40161579847335815,0.0,0.0
kodim13.png,JPEG,20,0.8360188802083334,,24.67317617993207,0.7767935630891643,0.7767935630891643,0.24776405096054077,0.0,0.0
kodim13.png,JPEG,40,1.3241170247395833,,26.792425693880105,0.8537691118711521,0.8537691118711521,0.12892934679985046,0.0,0.0
kodim13.png,JPEG,60,1.7605997721354167,,28.462506023045698,0.893330549042736,0.893330549042736,0.07456693798303604,0.0,0.0
kodim13.png,JPEG,80,2.6543172200520835,,31.645845835973837,0.9410847691259883,0.9410847691259883,0.03404410183429718,0.0,0.0
kodim13.png,JPEG,95,5.223103841145833,,38.704751698202514,0.9871123974346739,0.9871123974346739,0.00961984507739544,0.0,0.0
kodim13.png,WebP,10,0.699462890625,,25.45090709801402,0.770860141930529,0.770860141930529,0.2307639718055725,0.0,0.0
kodim13.png,WebP,20,0.9892578125,,27.070418371451964,0.8449068864166768,0.8449068864166768,0.14940200746059418,0.0,0.0
kodim13.png,WebP,40,1.472900390625,,29.788968747915312,0.9124615802881045,0.9124615802881045,0.09968459606170654,0.0,0.0
kodim13.png,WebP,60,1.8793131510416667,,31.673569294159464,0.9430249882639673,0.9430249882639673,0.07667581737041473,0.0,0.0
kodim13.png,WebP,80,2.5469563802083335,,34.601369013858005,0.9702345345828802,0.9702345345828802,0.04410159960389137,0.0,0.0
kodim13.png,WebP,95,4.637166341145833,,40.714214895369494,0.9926360817360073,0.9926360817360073,0.007530960254371166,0.0,0.0
kodim14.png,Ours (Multi-Mode RDO),1,0.824462890625,1.3419075012207031,22.85176797674592,0.5572756319006054,0.6310275061645183,0.44920989871025085,0.0,0.0
kodim14.png,Ours (Multi-Mode RDO),5,0.8200276692708334,1.3586137294769287,22.850351776390198,0.5570581335466168,0.6308397721346205,0.4498727023601532,0.0,0.0
kodim14.png,Ours (Multi-Mode RDO),10,0.8169962565104166,1.3777377605438232,22.850092902390795,0.5569663775413743,0.6307142331860918,0.44971027970314026,0.0,0.0
kodim14.png,Ours (Multi-Mode RDO),20,0.8096110026041666,1.3769946098327637,22.847953079109242,0.5564229810208166,0.6301765968681979,0.4498218595981598,0.0,0.0
kodim14.png,Ours (Multi-Mode RDO),40,0.7900594075520834,1.3445608615875244,22.841001757491185,0.5547827944686327,0.6289273215443146,0.45155197381973267,0.0,0.0
kodim14.png,Ours (Multi-Mode RDO),70,0.7681884765625,1.319176435470581,22.820579924942194,0.552622956059787,0.6274109284093885,0.4542546272277832,0.0,0.0
kodim14.png,Ours (Multi-Mode RDO),110,0.7388916015625,1.3198771476745605,22.796510817331736,0.549593319009531,0.6248989590141565,0.455243855714798,0.0,0.0
kodim14.png,Ours (Multi-Mode RDO),150,0.7164306640625,1.3109164237976074,22.773798526370772,0.5463445187691136,0.6230254350873611,0.45827606320381165,0.0,0.0
kodim14.png,Standard RDO (No Saliency),1,0.70269775390625,1.2471826076507568,22.616688420717367,0.5394706949538,0.5864489500730516,0.45907899737358093,0.0,0.0
kodim14.png,Standard RDO (No Saliency),5,0.69903564453125,1.1515674591064453,22.615871087880883,0.5393320797189923,0.5864060475365888,0.4595230221748352,0.0,0.0
kodim14.png,Standard RDO (No Saliency),10,0.6959025065104166,1.1713123321533203,22.615156653915875,0.5391926230946402,0.586233247616239,0.4594130218029022,0.0,0.0
kodim14.png,Standard RDO (No Saliency),20,0.6887410481770834,1.165198802947998,22.61259892315977,0.5386247228285027,0.5856851801011409,0.45954224467277527,0.0,0.0
kodim14.png,Standard RDO (No Saliency),40,0.6730753580729166,1.146272897720337,22.604825239403233,0.536934013741685,0.5842963157816616,0.4616401791572571,0.0,0.0
kodim14.png,Standard RDO (No Saliency),70,0.6549886067708334,1.1349105834960938,22.582803933306085,0.5347427554154878,0.5826971618025775,0.46456003189086914,0.0,0.0
kodim14.png,Standard RDO (No Saliency),110,0.6312255859375,1.129258155822754,22.549356973352342,0.531386749040006,0.5792150366996753,0.4667043685913086,0.0,0.0
kodim14.png,Standard RDO (No Saliency),150,0.6097005208333334,1.1586897373199463,22.520604049774544,0.5279028083443199,0.576307569372558,0.4702863097190857,0.0,0.0
kodim14.png,JPEG,10,0.3772176106770833,,25.16773939880195,0.6941847519364743,0.6941847519364743,0.31966933608055115,0.0,0.0
kodim14.png,JPEG,20,0.6292928059895834,,27.518254129850895,0.79972421358843,0.79972421358843,0.1942196786403656,0.0,0.0
kodim14.png,JPEG,40,0.9936930338541666,,29.582688133833784,0.8685423791975593,0.8685423791975593,0.11321796476840973,0.0,0.0
kodim14.png,JPEG,60,1.3122151692708333,,31.018809786519782,0.9006690435059399,0.9006690435059399,0.07337599992752075,0.0,0.0
kodim14.png,JPEG,80,1.97015380859375,,33.47249959029314,0.938266098381213,0.938266098381213,0.032654065638780594,0.0,0.0
kodim14.png,JPEG,95,4.126790364583333,,38.977075920036086,0.9810927219181745,0.9810927219181745,0.0082114078104496,0.0,0.0
kodim14.png,WebP,10,0.3919270833333333,,27.431137594411435,0.7694811170883732,0.7694811170883732,0.24805469810962677,0.0,0.0
kodim14.png,WebP,20,0.5418701171875,,28.76177715599092,0.8246702369600875,0.8246702369600875,0.16980397701263428,0.0,0.0
kodim14.png,WebP,40,0.8391927083333334,,30.92327336845655,0.8864267240890218,0.8864267240890218,0.09759718179702759,0.0,0.0
kodim14.png,WebP,60,1.1216227213541667,,32.464242959703554,0.9179478549866552,0.9179478549866552,0.06384973227977753,0.0,0.0
kodim14.png,WebP,80,1.6614990234375,,35.03208129770255,0.9534362179282101,0.9534362179282101,0.03860577568411827,0.0,0.0
kodim14.png,WebP,95,3.4305013020833335,,39.934630680728574,0.9864028002845258,0.9864028002845258,0.009726759046316147,0.0,0.0
kodim15.png,Ours (Multi-Mode RDO),1,0.7044270833333334,1.4304635524749756,24.118356759172826,0.7355045974705936,0.7743734456415236,0.35341084003448486,0.0,0.0
kodim15.png,Ours (Multi-Mode RDO),5,0.6876220703125,1.392695665359497,24.117276961528038,0.7352855894645726,0.774095581976942,0.35394909977912903,0.0,0.0
kodim15.png,Ours (Multi-Mode RDO),10,0.6675211588541666,1.5055031776428223,24.11683088213577,0.7349632742721406,0.7736218223717651,0.3558982312679291,0.0,0.0
kodim15.png,Ours (Multi-Mode RDO),20,0.6320597330729166,1.3726794719696045,24.10859005010915,0.7340765141758606,0.7721623497975671,0.35931235551834106,0.0,0.0
kodim15.png,Ours (Multi-Mode RDO),40,0.5875447591145834,1.335599422454834,24.100134031439495,0.7321714089859199,0.7693448725033829,0.36441993713378906,0.0,0.0
kodim15.png,Ours (Multi-Mode RDO),70,0.5447998046875,1.3281333446502686,24.092198032724514,0.7301349916581975,0.7662134752262489,0.3696484863758087,0.0,0.0
kodim15.png,Ours (Multi-Mode RDO),110,0.5073649088541666,1.312364101409912,24.074359117173092,0.7273040253649831,0.7617236116571008,0.37484732270240784,0.0,0.0
kodim15.png,Ours (Multi-Mode RDO),150,0.4775187174479167,1.2964420318603516,24.056847201069505,0.7244483341340113,0.757781139360202,0.3805079460144043,0.0,0.0
kodim15.png,Standard RDO (No Saliency),1,0.34381103515625,0.6562652587890625,22.96647237664787,0.6808343422808393,0.6677514504740114,0.4822079837322235,0.0,0.0
kodim15.png,Standard RDO (No Saliency),5,0.3387858072916667,0.6487019062042236,22.965702823230107,0.6807017330152726,0.6676568019008678,0.4823058247566223,0.0,0.0
kodim15.png,Standard RDO (No Saliency),10,0.3346150716145833,0.6492142677307129,22.965556686705266,0.6805611323596965,0.6675100561394701,0.4823153018951416,0.0,0.0
kodim15.png,Standard RDO (No Saliency),20,0.3280232747395833,0.6536991596221924,22.96472659588268,0.6801540584018646,0.6669495792842418,0.48270589113235474,0.0,0.0
kodim15.png,Standard RDO (No Saliency),40,0.3188883463541667,0.6429247856140137,22.96078536792487,0.6794064536621818,0.6660437478796891,0.48392462730407715,0.0,0.0
kodim15.png,Standard RDO (No Saliency),70,0.3062947591145833,0.6459307670593262,22.948102555518357,0.6780665241085532,0.6641428467960404,0.48455241322517395,0.0,0.0
kodim15.png,Standard RDO (No Saliency),110,0.2979532877604167,0.6347453594207764,22.933806277760617,0.6767979502993664,0.6631222045639117,0.48563340306282043,0.0,0.0
kodim15.png,Standard RDO (No Saliency),150,0.2892252604166667,0.6322250366210938,22.911872072595255,0.6753331956983107,0.6620253128508424,0.48796990513801575,0.0,0.0
kodim15.png,JPEG,10,0.2589518229166667,,27.822819295391422,0.7478064660034501,0.7478064660034501,0.34934374690055847,0.0,0.0
kodim15.png,JPEG,20,0.38592529296875,,30.229285506381697,0.8212109363951315,0.8212109363951315,0.208232581615448,0.0,0.0
kodim15.png,JPEG,40,0.5952962239583334,,32.34346278041122,0.8761713000101622,0.8761713000101622,0.11533983051776886,0.0,0.0
kodim15.png,JPEG,60,0.7977091471354166,,33.77354399085926,0.9020130905988144,0.9020130905988144,0.07446158677339554,0.0,0.0
kodim15.png,JPEG,80,1.232177734375,,35.992267278300396,0.9329906139781601,0.9329906139781601,0.03441490978002548,0.0,0.0
kodim15.png,JPEG,95,2.8224690755208335,,40.756339319146875,0.9717042759694617,0.9717042759694617,0.006796510424464941,0.0,0.0
kodim15.png,WebP,10,0.168212890625,,30.107549388126543,0.8042197135165657,0.8042197135165657,0.2555467188358307,0.0,0.0
kodim15.png,WebP,20,0.23441569010416666,,31.14836613632309,0.8346433509563616,0.8346433509563616,0.19398871064186096,0.0,0.0
kodim15.png,WebP,40,0.3846435546875,,32.9891389692452,0.8776690046566619,0.8776690046566619,0.12642048299312592,0.0,0.0
kodim15.png,WebP,60,0.5372721354166666,,34.45649020234197,0.9044357746109237,0.9044357746109237,0.09023621678352356,0.0,0.0
kodim15.png,WebP,80,0.8555908203125,,36.73455440489015,0.9354810880768482,0.9354810880768482,0.05188825726509094,0.0,0.0
kodim15.png,WebP,95,2.37451171875,,41.70086799951535,0.9760972513341123,0.9760972513341123,0.007613303605467081,0.0,0.0
kodim16.png,Ours (Multi-Mode RDO),1,0.2950439453125,0.6155927181243896,23.893769656266308,0.6059861221717241,0.5123176554435668,0.5375364422798157,0.0,0.0
kodim16.png,Ours (Multi-Mode RDO),5,0.292236328125,0.7021572589874268,23.89315717779613,0.6058094557905834,0.5121883981719261,0.5376860499382019,0.0,0.0
kodim16.png,Ours (Multi-Mode RDO),10,0.2898966471354167,0.6012203693389893,23.89223448781747,0.6055562927635859,0.5121404573498028,0.5380945801734924,0.0,0.0
kodim16.png,Ours (Multi-Mode RDO),20,0.2870076497395833,0.6071035861968994,23.888717987193754,0.6051556976869851,0.5120810573244706,0.5382471680641174,0.0,0.0
kodim16.png,Ours (Multi-Mode RDO),40,0.27947998046875,0.6029267311096191,23.882753461955932,0.6041255527304278,0.5110832679851599,0.5394138693809509,0.0,0.0
kodim16.png,Ours (Multi-Mode RDO),70,0.27032470703125,0.6081771850585938,23.871709025340504,0.6026227490043885,0.509490474677133,0.5411233305931091,0.0,0.0
kodim16.png,Ours (Multi-Mode RDO),110,0.2568766276041667,0.6013228893280029,23.849948159905026,0.599787711363604,0.5059900761233077,0.5443329811096191,0.0,0.0
kodim16.png,Ours (Multi-Mode RDO),150,0.24375406901041666,0.5861678123474121,23.821447126368795,0.5973628067607392,0.503241855000371,0.5483224987983704,0.0,0.0
kodim16.png,Standard RDO (No Saliency),1,0.2810262044270833,0.581007719039917,23.881310870683564,0.6027188270316985,0.4684071619607544,0.5377202033996582,0.0,0.0
kodim16.png,Standard RDO (No Saliency),5,0.2781575520833333,0.5801296234130859,23.880575980987437,0.6025479591001178,0.4683088463381173,0.5378410816192627,0.0,0.0
kodim16.png,Standard RDO (No Saliency),10,0.2756754557291667,0.5755002498626709,23.879642956801703,0.6022910332944514,0.46791374324384905,0.537986695766449,0.0,0.0
kodim16.png,Standard RDO (No Saliency),20,0.2725423177083333,0.577751874923706,23.876272627718294,0.6018888952621172,0.4673902043611645,0.5381812453269958,0.0,0.0
kodim16.png,Standard RDO (No Saliency),40,0.2654012044270833,0.5707929134368896,23.872040906911867,0.600938990922098,0.4655222343563616,0.539533793926239,0.0,0.0
kodim16.png,Standard RDO (No Saliency),70,0.2559611002604167,0.5667057037353516,23.860897933393794,0.5994197771597592,0.46315227676732584,0.5411444306373596,0.0,0.0
kodim16.png,Standard RDO (No Saliency),110,0.24393717447916666,0.5683181285858154,23.842415311909875,0.5969462440386157,0.4596050307672489,0.5440929532051086,0.0,0.0
kodim16.png,Standard RDO (No Saliency),150,0.23042805989583334,0.5650017261505127,23.81195166002282,0.5945717789713945,0.4550273252440556,0.548165500164032,0.0,0.0
kodim16.png,JPEG,10,0.2655436197916667,,27.68532065852808,0.7317020044840165,0.7317020044840165,0.36953699588775635,0.0,0.0
kodim16.png,JPEG,20,0.4272257486979167,,30.436435103009785,0.8280488091044603,0.8280488091044603,0.21125276386737823,0.0,0.0
kodim16.png,JPEG,40,0.6699015299479166,,32.66865569904815,0.8886619586555741,0.8886619586555741,0.11773118376731873,0.0,0.0
kodim16.png,JPEG,60,0.8842569986979166,,34.169554970814985,0.9171738629570378,0.9171738629570378,0.08256680518388748,0.0,0.0
kodim16.png,JPEG,80,1.33367919921875,,36.65229044500451,0.947638152039363,0.947638152039363,0.04376741871237755,0.0,0.0
kodim16.png,JPEG,95,2.9590250651041665,,42.179201992288604,0.9800169766719394,0.9800169766719394,0.008748053573071957,0.0,0.0
kodim16.png,WebP,10,0.20638020833333334,,29.98849239864537,0.7894000886683316,0.7894000886683316,0.2835720479488373,0.0,0.0
kodim16.png,WebP,20,0.2998453776041667,,31.218996339250367,0.8368950778748138,0.8368950778748138,0.21357116103172302,0.0,0.0
kodim16.png,WebP,40,0.4751790364583333,,33.16186371456298,0.8877264386224182,0.8877264386224182,0.13798768818378448,0.0,0.0
kodim16.png,WebP,60,0.647705078125,,34.75495673825367,0.9177515168729761,0.9177515168729761,0.09729636460542679,0.0,0.0
kodim16.png,WebP,80,1.0055338541666667,,37.254096000621274,0.9484827568889825,0.9484827568889825,0.060627199709415436,0.0,0.0
kodim16.png,WebP,95,2.5751953125,,43.42486228544705,0.9832637760881359,0.9832637760881359,0.008246729150414467,0.0,0.0
kodim17.png,Ours (Multi-Mode RDO),1,0.8174031575520834,1.461484670639038,25.359343861222776,0.7330066511896526,0.715825346765792,0.38612693548202515,0.0,0.0
kodim17.png,Ours (Multi-Mode RDO),5,0.8094889322916666,1.4859521389007568,25.358140633114445,0.7327372327989797,0.7155728875469712,0.38616421818733215,0.0,0.0
kodim17.png,Ours (Multi-Mode RDO),10,0.8019002278645834,1.481292486190796,25.35687592676736,0.7324939133029638,0.7153051630740248,0.386027991771698,0.0,0.0
kodim17.png,Ours (Multi-Mode RDO),20,0.7861328125,1.494229793548584,25.347695516993255,0.7315217283581689,0.7144759662563871,0.38678669929504395,0.0,0.0
kodim17.png,Ours (Multi-Mode RDO),40,0.7606608072916666,1.462890625,25.342172066348525,0.7304138690004444,0.7131909235667038,0.38827958703041077,0.0,0.0
kodim17.png,Ours (Multi-Mode RDO),70,0.7270100911458334,1.4306058883666992,25.33276022396639,0.7281162940523069,0.710244778171483,0.3902982771396637,0.0,0.0
kodim17.png,Ours (Multi-Mode RDO),110,0.69622802734375,1.437251091003418,25.315332843322906,0.7248933297728377,0.7063862440849391,0.3936450779438019,0.0,0.0
kodim17.png,Ours (Multi-Mode RDO),150,0.66583251953125,1.402634620666504,25.294901549257002,0.7212930835416757,0.702112429779111,0.39824333786964417,0.0,0.0
kodim17.png,Standard RDO (No Saliency),1,0.4601033528645833,0.8454797267913818,24.114424229050616,0.6579176713358766,0.5902624636683984,0.4776805639266968,0.0,0.0
kodim17.png,Standard RDO (No Saliency),5,0.4552815755208333,0.8528504371643066,24.114030754255307,0.6577712406538477,0.5902172255954998,0.47771331667900085,0.0,0.0
kodim17.png,Standard RDO (No Saliency),10,0.4516398111979167,0.8439128398895264,24.112709489384297,0.6575750083665602,0.589940505964081,0.4778357744216919,0.0,0.0
kodim17.png,Standard RDO (No Saliency),20,0.4451700846354167,0.8498971462249756,24.111037255810853,0.65721704298003,0.5895918394348947,0.47780582308769226,0.0,0.0
kodim17.png,Standard RDO (No Saliency),40,0.4349365234375,0.8599236011505127,24.105870597885357,0.656342117423362,0.588459120161677,0.47879016399383545,0.0,0.0
kodim17.png,Standard RDO (No Saliency),70,0.42120361328125,0.8495090007781982,24.097566782064504,0.6547790067719138,0.5867137088553405,0.4800681173801422,0.0,0.0
kodim17.png,Standard RDO (No Saliency),110,0.4042765299479167,0.8409290313720703,24.08817951533114,0.652655348620319,0.5841106385309034,0.48321133852005005,0.0,0.0
kodim17.png,Standard RDO (No Saliency),150,0.3918253580729167,0.8423018455505371,24.07111687526113,0.650389224305899,0.5815085325395047,0.48457640409469604,0.0,0.0
kodim17.png,JPEG,10,0.28839111328125,,27.982943260840784,0.7746133993108234,0.7746133993108234,0.34255626797676086,0.0,0.0
kodim17.png,JPEG,20,0.4365234375,,30.627784466328507,0.8550043798135758,0.8550043798135758,0.20639100670814514,0.0,0.0
kodim17.png,JPEG,40,0.6666259765625,,32.93480714972566,0.9068818193078089,0.9068818193078089,0.11053827404975891,0.0,0.0
kodim17.png,JPEG,60,0.8768717447916666,,34.39563502759806,0.9272144314873777,0.9272144314873777,0.0757296085357666,0.0,0.0
kodim17.png,JPEG,80,1.3319498697916667,,36.73349159626712,0.9501707004714662,0.9501707004714662,0.037576936185359955,0.0,0.0
kodim17.png,JPEG,95,2.99493408203125,,41.483335898418055,0.977426133719621,0.977426133719621,0.007859510369598866,0.0,0.0
kodim17.png,WebP,10,0.2205810546875,,30.56378362211091,0.8358906084585414,0.8358906084585414,0.23064802587032318,0.0,0.0
kodim17.png,WebP,20,0.2982991536458333,,31.78168736992552,0.8682888107149286,0.8682888107149286,0.17611323297023773,0.0,0.0
kodim17.png,WebP,40,0.4416910807291667,,33.59134990686888,0.9019947439537931,0.9019947439537931,0.12700241804122925,0.0,0.0
kodim17.png,WebP,60,0.5894775390625,,35.08285985731057,0.9241326946452242,0.9241326946452242,0.09552650153636932,0.0,0.0
kodim17.png,WebP,80,0.8966471354166666,,37.23004805702014,0.9474010596554291,0.9474010596554291,0.060336288064718246,0.0,0.0
kodim17.png,WebP,95,2.5725504557291665,,42.52834438721684,0.9815209457243235,0.9815209457243235,0.007616223301738501,0.0,0.0
kodim18.png,Ours (Multi-Mode RDO),1,0.8448689778645834,1.5608599185943604,22.73914850870448,0.5756420439578799,0.7798597653209233,0.4571293890476227,0.0,0.0
kodim18.png,Ours (Multi-Mode RDO),5,0.83990478515625,1.4880707263946533,22.738618186442334,0.5753922945932308,0.7795974427033346,0.4573047459125519,0.0,0.0
kodim18.png,Ours (Multi-Mode RDO),10,0.83203125,1.4651868343353271,22.73627497654342,0.5750047660889049,0.7793096877300107,0.4582424759864807,0.0,0.0
kodim18.png,Ours (Multi-Mode RDO),20,0.8145751953125,1.459681749343872,22.73244776991803,0.5740562324435018,0.7779864925316284,0.4590831995010376,0.0,0.0
kodim18.png,Ours (Multi-Mode RDO),40,0.7893473307291666,1.4473092555999756,22.727894539865716,0.5722519547957906,0.7750375885206435,0.46154892444610596,0.0,0.0
kodim18.png,Ours (Multi-Mode RDO),70,0.7572835286458334,1.4291682243347168,22.712243497059216,0.5690130165391439,0.7708250044779064,0.4649830460548401,0.0,0.0
kodim18.png,Ours (Multi-Mode RDO),110,0.7224934895833334,1.4246256351470947,22.687338905173394,0.5647632727156887,0.7660747352408394,0.47033610939979553,0.0,0.0
kodim18.png,Ours (Multi-Mode RDO),150,0.6866251627604166,1.3956565856933594,22.660293268789665,0.5597844180789803,0.7605731515626549,0.4764770567417145,0.0,0.0
kodim18.png,Standard RDO (No Saliency),1,0.6438395182291666,1.1055691242218018,22.24664240229075,0.5314877830888277,0.6118437544602828,0.519829511642456,0.0,0.0
kodim18.png,Standard RDO (No Saliency),5,0.6418863932291666,1.2098989486694336,22.246180423608656,0.531282170428996,0.6117722036089388,0.5198957920074463,0.0,0.0
kodim18.png,Standard RDO (No Saliency),10,0.6381022135416666,1.1245825290679932,22.244388114489944,0.5309673272529642,0.6116959862680764,0.5206945538520813,0.0,0.0
kodim18.png,Standard RDO (No Saliency),20,0.6315511067708334,1.1154296398162842,22.2407408471088,0.5302809872789928,0.6114407896798014,0.5209426283836365,0.0,0.0
kodim18.png,Standard RDO (No Saliency),40,0.62200927734375,1.1152517795562744,22.23725083026772,0.5290005298952157,0.610667821090952,0.5222721695899963,0.0,0.0
kodim18.png,Standard RDO (No Saliency),70,0.60528564453125,1.1144440174102783,22.224338451158733,0.5266224579743292,0.6098875859957944,0.5252183079719543,0.0,0.0
kodim18.png,Standard RDO (No Saliency),110,0.5864664713541666,1.114511489868164,22.20932729259939,0.5234484596007823,0.6089928819070327,0.5284789204597473,0.0,0.0
kodim18.png,Standard RDO (No Saliency),150,0.5622965494791666,1.1119740009307861,22.18550238431229,0.5196318659134515,0.6071662025243886,0.5325695276260376,0.0,0.0
kodim18.png,JPEG,10,0.3756306966145833,,25.1978121230561,0.713488182306271,0.713488182306271,0.3258582353591919,0.0,0.0
kodim18.png,JPEG,20,0.6057332356770834,,27.35013629567828,0.8067177184575934,0.8067177184575934,0.2033928632736206,0.0,0.0
kodim18.png,JPEG,40,0.9555867513020834,,29.517467178914703,0.8678100202348894,0.8678100202348894,0.12073220312595367,0.0,0.0
kodim18.png,JPEG,60,1.2696533203125,,31.044996326353637,0.8973634373295374,0.8973634373295374,0.07778894901275635,0.0,0.0
kodim18.png,JPEG,80,1.939697265625,,33.61838401065094,0.9325245755022854,0.9325245755022854,0.033373162150382996,0.0,0.0
kodim18.png,JPEG,95,4.134297688802083,,38.99513359873923,0.9747979940290006,0.9747979940290006,0.008046004921197891,0.0,0.0
kodim18.png,WebP,10,0.3985188802083333,,27.353452035483215,0.7765741449022942,0.7765741449022942,0.2458941489458084,0.0,0.0
kodim18.png,WebP,20,0.5469970703125,,28.639980596058354,0.8283895332089242,0.8283895332089242,0.1844228059053421,0.0,0.0
kodim18.png,WebP,40,0.8486735026041666,,30.81290503393292,0.884205031546205,0.884205031546205,0.12405161559581757,0.0,0.0
kodim18.png,WebP,60,1.1341552734375,,32.40446650613465,0.9126297197982517,0.9126297197982517,0.0847264900803566,0.0,0.0
kodim18.png,WebP,80,1.6814371744791667,,34.901414443550976,0.9434821750931882,0.9434821750931882,0.0371786393225193,0.0,0.0
kodim18.png,WebP,95,3.7467041015625,,40.607136692266465,0.9844723673839627,0.9844723673839627,0.007059786934405565,0.0,0.0
kodim19.png,Ours (Multi-Mode RDO),1,0.4902547200520833,0.9112594127655029,22.188238237415913,0.6236060758249359,0.6232915458109334,0.5446174144744873,0.0,0.0
kodim19.png,Ours (Multi-Mode RDO),5,0.4875895182291667,0.9176459312438965,22.187946282108328,0.6233998102157726,0.6230674224066215,0.5447895526885986,0.0,0.0
kodim19.png,Ours (Multi-Mode RDO),10,0.4821980794270833,0.9113492965698242,22.19229628984571,0.6233111585328188,0.6228540788998578,0.545049786567688,0.0,0.0
kodim19.png,Ours (Multi-Mode RDO),20,0.4738972981770833,0.9103865623474121,22.20148825288874,0.6231322932989213,0.6225171785075948,0.5455051064491272,0.0,0.0
kodim19.png,Ours (Multi-Mode RDO),40,0.4618326822916667,0.9004969596862793,22.209903171019832,0.622582239332505,0.6214440272723633,0.5470565557479858,0.0,0.0
kodim19.png,Ours (Multi-Mode RDO),70,0.4494832356770833,0.8895971775054932,22.22590021522487,0.6216921935989483,0.6199531452191402,0.5502233505249023,0.0,0.0
kodim19.png,Ours (Multi-Mode RDO),110,0.434326171875,0.8743407726287842,22.221964663479543,0.619817938108204,0.6165893013196425,0.5524645447731018,0.0,0.0
kodim19.png,Ours (Multi-Mode RDO),150,0.4205322265625,0.8655164241790771,22.227910239063625,0.6183152318326931,0.614475495676731,0.554747462272644,0.0,0.0
kodim19.png,Standard RDO (No Saliency),1,0.4100341796875,0.7450160980224609,22.084824399094934,0.6126641409000325,0.5889398071389905,0.5536705255508423,0.0,0.0
kodim19.png,Standard RDO (No Saliency),5,0.4075113932291667,0.7345428466796875,22.0905657234065,0.6125942857843475,0.5888831572834683,0.5535405874252319,0.0,0.0
kodim19.png,Standard RDO (No Saliency),10,0.40374755859375,0.730116605758667,22.097371698509644,0.612485133349327,0.5886088152073036,0.5537476539611816,0.0,0.0
kodim19.png,Standard RDO (No Saliency),20,0.3978271484375,0.7352526187896729,22.096155023329484,0.6121236421537467,0.5875772903943446,0.5547780394554138,0.0,0.0
kodim19.png,Standard RDO (No Saliency),40,0.3875325520833333,0.7254190444946289,22.104802985048664,0.6114477163103872,0.5861344245861345,0.5560917854309082,0.0,0.0
kodim19.png,Standard RDO (No Saliency),70,0.3782958984375,0.728510856628418,22.115132132650892,0.6106433828623103,0.5841757858695857,0.5578434467315674,0.0,0.0
kodim19.png,Standard RDO (No Saliency),110,0.3641153971354167,0.7293593883514404,22.12605516013172,0.6091047579619352,0.5801392157014515,0.5613305568695068,0.0,0.0
kodim19.png,Standard RDO (No Saliency),150,0.3517862955729167,0.7185523509979248,22.139066040905952,0.6073106648932057,0.577106747455982,0.5633389353752136,0.0,0.0
kodim19.png,JPEG,10,0.3100992838541667,,26.84542264746563,0.7426017297064959,0.7426017297064959,0.40954267978668213,0.0,0.0
kodim19.png,JPEG,20,0.4819539388020833,,29.336480072546323,0.8274264145327054,0.8274264145327054,0.27077436447143555,0.0,0.0
kodim19.png,JPEG,40,0.7484334309895834,,31.62921184636067,0.8833653082253083,0.8833653082253083,0.16964325308799744,0.0,0.0
kodim19.png,JPEG,60,0.9892374674479166,,33.08657627497982,0.9091766780279499,0.9091766780279499,0.11651025712490082,0.0,0.0
kodim19.png,JPEG,80,1.5175984700520833,,35.44760331073488,0.9395915278075601,0.9395915278075601,0.05561820790171623,0.0,0.0
kodim19.png,JPEG,95,3.3741048177083335,,41.004335616895126,0.9761403389412627,0.9761403389412627,0.011012901552021503,0.0,0.0
kodim19.png,WebP,10,0.2569580078125,,29.26556603318408,0.7852410329218656,0.7852410329218656,0.3357278108596802,0.0,0.0
kodim19.png,WebP,20,0.34912109375,,30.271976360485247,0.8219705657775371,0.8219705657775371,0.277690589427948,0.0,0.0
kodim19.png,WebP,40,0.5545247395833334,,32.14081396166334,0.8784686896333925,0.8784686896333925,0.1802462339401245,0.0,0.0
kodim19.png,WebP,60,0.7631429036458334,,33.7363735473793,0.9114593572313661,0.9114593572313661,0.1314454972743988,0.0,0.0
kodim19.png,WebP,80,1.1678059895833333,,36.218135800306904,0.9430769960132395,0.9430769960132395,0.09525696933269501,0.0,0.0
kodim19.png,WebP,95,3.0557861328125,,42.342140920162514,0.9817392867108365,0.9817392867108365,0.010873905383050442,0.0,0.0
kodim20.png,Ours (Multi-Mode RDO),1,0.4232991536458333,0.7982583045959473,13.981828344456009,0.7321896238831553,0.7294097008120171,0.4652249217033386,0.0,0.0
kodim20.png,Ours (Multi-Mode RDO),5,0.4152018229166667,0.7838625907897949,13.98171221075051,0.7319034969776919,0.7288113478019195,0.46517056226730347,0.0,0.0
kodim20.png,Ours (Multi-Mode RDO),10,0.40869140625,0.7766785621643066,13.981647152703777,0.7316871462550072,0.728143428787702,0.46556007862091064,0.0,0.0
kodim20.png,Ours (Multi-Mode RDO),20,0.39715576171875,0.7985866069793701,13.98147101979108,0.7311634805978343,0.726666932605286,0.4657299220561981,0.0,0.0
kodim20.png,Ours (Multi-Mode RDO),40,0.3795369466145833,0.7771327495574951,13.980712845443692,0.7300575923019078,0.7239025567292148,0.46620193123817444,0.0,0.0
kodim20.png,Ours (Multi-Mode RDO),70,0.3616129557291667,0.7664871215820312,13.979935068304867,0.7285224549066456,0.7203034982852359,0.4671085774898529,0.0,0.0
kodim20.png,Ours (Multi-Mode RDO),110,0.3484090169270833,0.7749419212341309,13.97935336895268,0.7275057013500481,0.7175891308137917,0.46786752343177795,0.0,0.0
kodim20.png,Ours (Multi-Mode RDO),150,0.335693359375,0.7494716644287109,13.978663353144984,0.7262179649355714,0.7145714261300512,0.4685037434101105,0.0,0.0
kodim20.png,Standard RDO (No Saliency),1,0.2841593424479167,0.5454974174499512,13.955413786079875,0.7085691825715094,0.6369433748965204,0.48117056488990784,0.0,0.0
kodim20.png,Standard RDO (No Saliency),5,0.2813517252604167,0.5403580665588379,13.955351572875049,0.7084120791932366,0.6368004594864983,0.4812920093536377,0.0,0.0
kodim20.png,Standard RDO (No Saliency),10,0.2790120442708333,0.5389719009399414,13.955302489302516,0.7082739313437313,0.6365495284598532,0.48140013217926025,0.0,0.0
kodim20.png,Standard RDO (No Saliency),20,0.2761433919270833,0.5376458168029785,13.955250720599608,0.7079946198072854,0.6360131667924799,0.4817717671394348,0.0,0.0
kodim20.png,Standard RDO (No Saliency),40,0.27191162109375,0.5336065292358398,13.95502407052572,0.7076029881619209,0.6350535119639404,0.4820140600204468,0.0,0.0
kodim20.png,Standard RDO (No Saliency),70,0.2658894856770833,0.5313980579376221,13.954689783818818,0.7070150634781919,0.6337660137481911,0.48259711265563965,0.0,0.0
kodim20.png,Standard RDO (No Saliency),110,0.2599080403645833,0.5258200168609619,13.95297251232501,0.7058831648599194,0.6314676246744284,0.4839937388896942,0.0,0.0
kodim20.png,Standard RDO (No Saliency),150,0.2544148763020833,0.5290329456329346,13.952265904662813,0.704980636267902,0.6292869252541533,0.48570719361305237,0.0,0.0
kodim20.png,JPEG,10,0.2578125,,28.272327241564398,0.8127828217886508,0.8127828217886508,0.2592191994190216,0.0,0.0
kodim20.png,JPEG,20,0.37176513671875,,30.64601995299341,0.8664956325661167,0.8664956325661167,0.15463793277740479,0.0,0.0
kodim20.png,JPEG,40,0.5461222330729166,,32.83902189534964,0.9029793193238908,0.9029793193238908,0.07942203432321548,0.0,0.0
kodim20.png,JPEG,60,0.70367431640625,,34.238393444398135,0.9205299001364052,0.9205299001364052,0.052683476358652115,0.0,0.0
kodim20.png,JPEG,80,1.0565185546875,,36.522823332888,0.9425866705001386,0.9425866705001386,0.02578233927488327,0.0,0.0
kodim20.png,JPEG,95,2.3740437825520835,,41.241427314873214,0.9706931589544117,0.9706931589544117,0.008723573759198189,0.0,0.0
kodim20.png,WebP,10,0.16483561197916666,,30.673149508381456,0.8415434542554165,0.8415434542554165,0.19585299491882324,0.0,0.0
kodim20.png,WebP,20,0.221923828125,,31.77852554461086,0.8674017477465782,0.8674017477465782,0.16098308563232422,0.0,0.0
kodim20.png,WebP,40,0.3521321614583333,,33.69982869498489,0.9052070705970632,0.9052070705970632,0.08249938488006592,0.0,0.0
kodim20.png,WebP,60,0.4771321614583333,,35.099369254681115,0.9245916906232426,0.9245916906232426,0.06156585365533829,0.0,0.0
kodim20.png,WebP,80,0.7179361979166666,,37.29213497154841,0.9464600916503435,0.9464600916503435,0.037846051156520844,0.0,0.0
kodim20.png,WebP,95,2.0067545572916665,,42.39188622129504,0.9764811836245807,0.9764811836245807,0.008008932694792747,0.0,0.0
kodim21.png,Ours (Multi-Mode RDO),1,0.5967814127604166,1.0218803882598877,23.15901778210975,0.6967547508557567,0.6364101813673846,0.39503875374794006,0.0,0.0
kodim21.png,Ours (Multi-Mode RDO),5,0.59344482421875,1.0142991542816162,23.158061429544002,0.6965595481339472,0.6362476943771056,0.3950665295124054,0.0,0.0
kodim21.png,Ours (Multi-Mode RDO),10,0.5908610026041666,1.0207364559173584,23.157244075133967,0.6963787924673315,0.6359834522060519,0.39564961194992065,0.0,0.0
kodim21.png,Ours (Multi-Mode RDO),20,0.5847574869791666,1.0254638195037842,23.155317398437212,0.6958929407433238,0.6355488033452127,0.39566847681999207,0.0,0.0
kodim21.png,Ours (Multi-Mode RDO),40,0.5744222005208334,1.036137580871582,23.15115257223358,0.6950482645497572,0.6344596608006405,0.3960367739200592,0.0,0.0
kodim21.png,Ours (Multi-Mode RDO),70,0.5621541341145834,1.0318076610565186,23.144831911382386,0.6937011278941109,0.6333695280712569,0.39678630232810974,0.0,0.0
kodim21.png,Ours (Multi-Mode RDO),110,0.5481974283854166,1.0089941024780273,23.13409345759739,0.6919364386750674,0.6310132295279358,0.3982735276222229,0.0,0.0
kodim21.png,Ours (Multi-Mode RDO),150,0.5346272786458334,0.9947896003723145,23.11981465039889,0.6898232851387719,0.6297627717657465,0.3995399475097656,0.0,0.0
kodim21.png,Standard RDO (No Saliency),1,0.5574544270833334,0.9450287818908691,23.019195749568325,0.6903240927715112,0.5999257215925051,0.3994641900062561,0.0,0.0
kodim21.png,Standard RDO (No Saliency),5,0.5540974934895834,0.9437129497528076,23.01793652346809,0.6900879084198145,0.5994557068864335,0.3993470370769501,0.0,0.0
kodim21.png,Standard RDO (No Saliency),10,0.5505167643229166,1.0634129047393799,23.017088547238203,0.6898697744449701,0.598924245569253,0.40015268325805664,0.0,0.0
kodim21.png,Standard RDO (No Saliency),20,0.5450846354166666,0.9518148899078369,23.014946047280848,0.6893380690403216,0.5982875157610109,0.40033990144729614,0.0,0.0
kodim21.png,Standard RDO (No Saliency),40,0.5367635091145834,0.9529592990875244,23.011586601170272,0.6885301929211393,0.5974876249674095,0.4009767770767212,0.0,0.0
kodim21.png,Standard RDO (No Saliency),70,0.52630615234375,0.9408276081085205,23.004777454952073,0.6870647942887586,0.5953216251392702,0.401533305644989,0.0,0.0
kodim21.png,Standard RDO (No Saliency),110,0.5144856770833334,0.9291298389434814,22.993695910509075,0.6853979295663949,0.593369611336665,0.4028019905090332,0.0,0.0
kodim21.png,Standard RDO (No Saliency),150,0.499755859375,0.9341065883636475,22.97660488647257,0.6830269932018312,0.5906735157583882,0.40487730503082275,0.0,0.0
kodim21.png,JPEG,10,0.3354695638020833,,26.1448229239725,0.7841350129735895,0.7841350129735895,0.3861527144908905,0.0,0.0
kodim21.png,JPEG,20,0.50958251953125,,28.58234789024224,0.8532199871104315,0.8532199871104315,0.2647832930088043,0.0,0.0
kodim21.png,JPEG,40,0.7622477213541666,,30.738455246095032,0.8954593675223205,0.8954593675223205,0.17609803378582,0.0,0.0
kodim21.png,JPEG,60,0.99615478515625,,32.207147437959556,0.9158225125280569,0.9158225125280569,0.1329197883605957,0.0,0.0
kodim21.png,JPEG,80,1.53826904296875,,34.81250881013545,0.9406355088001002,0.9406355088001002,0.07101260125637054,0.0,0.0
kodim21.png,JPEG,95,3.4394327799479165,,40.48673946818701,0.9716871881312183,0.9716871881312183,0.011730147525668144,0.0,0.0
kodim21.png,WebP,10,0.2976481119791667,,28.293975824849472,0.8293814977945551,0.8293814977945551,0.2796573042869568,0.0,0.0
kodim21.png,WebP,20,0.4035237630208333,,29.608313824314912,0.8661818416657615,0.8661818416657615,0.21002331376075745,0.0,0.0
kodim21.png,WebP,40,0.6167805989583334,,31.846411392895888,0.9051569029722968,0.9051569029722968,0.15145766735076904,0.0,0.0
kodim21.png,WebP,60,0.8166910807291666,,33.5625160915479,0.9239053164504186,0.9239053164504186,0.13275006413459778,0.0,0.0
kodim21.png,WebP,80,1.1892496744791667,,36.088315657287566,0.9443945231844078,0.9443945231844078,0.1022086888551712,0.0,0.0
kodim21.png,WebP,95,3.1064860026041665,,41.84045862066369,0.9786805643383242,0.9786805643383242,0.010708405636250973,0.0,0.0
kodim22.png,Ours (Multi-Mode RDO),1,0.4443766276041667,0.8377361297607422,22.717185611145197,0.5576022621543303,0.6194394884010106,0.540549099445343,0.0,0.0
kodim22.png,Ours (Multi-Mode RDO),5,0.4404703776041667,0.8259108066558838,22.71624106900074,0.5573944438462771,0.6192604010851469,0.5407203435897827,0.0,0.0
kodim22.png,Ours (Multi-Mode RDO),10,0.4361572265625,0.833428144454956,22.715852085057143,0.5572538753923827,0.619181572272205,0.5411925315856934,0.0,0.0
kodim22.png,Ours (Multi-Mode RDO),20,0.4283447265625,0.8344564437866211,22.713278547483768,0.5566424309910063,0.6178401408843777,0.5419235825538635,0.0,0.0
kodim22.png,Ours (Multi-Mode RDO),40,0.4162801106770833,0.8139984607696533,22.710198050099475,0.555594107713372,0.6161268184454077,0.5432776212692261,0.0,0.0
kodim22.png,Ours (Multi-Mode RDO),70,0.4026285807291667,0.811542272567749,22.701582451779316,0.5537926928678775,0.6136656812934866,0.5448649525642395,0.0,0.0
kodim22.png,Ours (Multi-Mode RDO),110,0.380126953125,0.8086535930633545,22.68979672826578,0.5511381586881143,0.6094065619589442,0.5478167533874512,0.0,0.0
kodim22.png,Ours (Multi-Mode RDO),150,0.3600870768229167,0.8076062202453613,22.654212937577675,0.5479438736959791,0.6056642252731387,0.5525703430175781,0.0,0.0
kodim22.png,Standard RDO (No Saliency),1,0.3566487630208333,0.6778218746185303,22.60376665042196,0.5463736315314506,0.560145603368817,0.559474766254425,0.0,0.0
kodim22.png,Standard RDO (No Saliency),5,0.3542073567708333,0.693518877029419,22.60318556592926,0.5461981181460622,0.5599309114044374,0.5596169233322144,0.0,0.0
kodim22.png,Standard RDO (No Saliency),10,0.3520304361979167,0.6905279159545898,22.60247356606574,0.5460239515055804,0.559520241877935,0.5599173903465271,0.0,0.0
kodim22.png,Standard RDO (No Saliency),20,0.348876953125,0.6729311943054199,22.600896309803908,0.5456583287491016,0.5592569791532729,0.5604233741760254,0.0,0.0
kodim22.png,Standard RDO (No Saliency),40,0.3423055013020833,0.6743321418762207,22.597929684657657,0.5448064994930107,0.5580566132984606,0.5615602135658264,0.0,0.0
kodim22.png,Standard RDO (No Saliency),70,0.3336181640625,0.6701662540435791,22.590436161975678,0.5433313009354959,0.556764295182137,0.5633339285850525,0.0,0.0
kodim22.png,Standard RDO (No Saliency),110,0.3189290364583333,0.669395923614502,22.571415469509617,0.5411002205610892,0.554083786987586,0.5646005868911743,0.0,0.0
kodim22.png,Standard RDO (No Saliency),150,0.3046468098958333,0.6618516445159912,22.549479978799344,0.5382962343864757,0.5525878793744334,0.5674588680267334,0.0,0.0
kodim22.png,JPEG,10,0.2940877278645833,,26.732464532918947,0.6992747051505416,0.6992747051505416,0.36295291781425476,0.0,0.0
kodim22.png,JPEG,20,0.4794921875,,28.973063147727455,0.795034664165419,0.795034664165419,0.21799379587173462,0.0,0.0
kodim22.png,JPEG,40,0.7668863932291666,,31.03580216719932,0.8596730611241495,0.8596730611241495,0.12416823208332062,0.0,0.0
kodim22.png,JPEG,60,1.0277303059895833,,32.391333452209125,0.8915908516343555,0.8915908516343555,0.08155246078968048,0.0,0.0
kodim22.png,JPEG,80,1.5951131184895833,,34.58394118897641,0.9277367266386368,0.9277367266386368,0.03977271914482117,0.0,0.0
kodim22.png,JPEG,95,3.525390625,,39.4809970032966,0.9709442564198939,0.9709442564198939,0.008832918480038643,0.0,0.0
kodim22.png,WebP,10,0.2534993489583333,,28.69879048918973,0.7448680793259189,0.7448680793259189,0.3152901232242584,0.0,0.0
kodim22.png,WebP,20,0.3594563802083333,,29.73405747765373,0.7953614981729106,0.7953614981729106,0.24599581956863403,0.0,0.0
kodim22.png,WebP,40,0.5884602864583334,,31.55857574056439,0.8608383502353569,0.8608383502353569,0.13083389401435852,0.0,0.0
kodim22.png,WebP,60,0.8168131510416666,,33.00812690513569,0.8963854557667826,0.8963854557667826,0.09273965656757355,0.0,0.0
kodim22.png,WebP,80,1.2858072916666667,,35.42018440378536,0.9336726124402146,0.9336726124402146,0.05573580414056778,0.0,0.0
kodim22.png,WebP,95,3.2012125651041665,,40.74549255356979,0.9785108133807938,0.9785108133807938,0.008313018828630447,0.0,0.0
kodim23.png,Ours (Multi-Mode RDO),1,0.6622111002604166,1.1585476398468018,25.06621507916381,0.8048556632768659,0.7645059064557984,0.36117011308670044,0.0,0.0
kodim23.png,Ours (Multi-Mode RDO),5,0.6564127604166666,1.1582813262939453,25.063601616323975,0.8046865347275794,0.7642025460000819,0.36096328496932983,0.0,0.0
kodim23.png,Ours (Multi-Mode RDO),10,0.6496785481770834,1.1399633884429932,25.063159025418678,0.8045767677021237,0.7640200590597185,0.3611631989479065,0.0,0.0
kodim23.png,Ours (Multi-Mode RDO),20,0.6316731770833334,1.14278244972229,25.0592342723304,0.8040579151948917,0.7630940710985692,0.36173170804977417,0.0,0.0
kodim23.png,Ours (Multi-Mode RDO),40,0.6029052734375,1.117079496383667,25.050659079513473,0.8028321905678192,0.7607535143300199,0.36327534914016724,0.0,0.0
kodim23.png,Ours (Multi-Mode RDO),70,0.5693155924479166,1.1059041023254395,25.03979556094963,0.8008890361868867,0.7565761454535108,0.3646583557128906,0.0,0.0
kodim23.png,Ours (Multi-Mode RDO),110,0.5339558919270834,1.0866522789001465,25.022917452856323,0.7979490422090251,0.7506709555053577,0.36852604150772095,0.0,0.0
kodim23.png,Ours (Multi-Mode RDO),150,0.5066731770833334,1.0886683464050293,25.005027772748,0.7953003132381817,0.7454263405376227,0.3712112307548523,0.0,0.0
kodim23.png,Standard RDO (No Saliency),1,0.2511189778645833,0.4697895050048828,21.31382832970334,0.7224497677499716,0.5771112678635096,0.5243921875953674,0.0,0.0
kodim23.png,Standard RDO (No Saliency),5,0.24910481770833334,0.5557723045349121,21.313879097500276,0.7224900184631075,0.5770495313905811,0.5242653489112854,0.0,0.0
kodim23.png,Standard RDO (No Saliency),10,0.24643961588541666,0.46129870414733887,21.31358435221056,0.7223988340109161,0.5769300729308391,0.5243910551071167,0.0,0.0
kodim23.png,Standard RDO (No Saliency),20,0.24208577473958334,0.4569272994995117,21.3127238134958,0.7222426716367738,0.5767346235020517,0.5246504545211792,0.0,0.0
kodim23.png,Standard RDO (No Saliency),40,0.23333740234375,0.4599182605743408,21.309506432233963,0.7216420090764267,0.5757103237280464,0.5257338881492615,0.0,0.0
kodim23.png,Standard RDO (No Saliency),70,0.22576904296875,0.44945454597473145,21.305665923597847,0.7210780979676074,0.5748651002215102,0.5263655185699463,0.0,0.0
kodim23.png,Standard RDO (No Saliency),110,0.21773274739583334,0.44513893127441406,21.300230052180765,0.7202251659051054,0.573598680435677,0.528939425945282,0.0,0.0
kodim23.png,Standard RDO (No Saliency),150,0.21124267578125,0.4483652114868164,21.293392977191704,0.7192622744387843,0.5722520398145603,0.531006395816803,0.0,0.0
kodim23.png,JPEG,10,0.23677571614583334,,28.873424342738208,0.7940274191015623,0.7940274191015623,0.3495705723762512,0.0,0.0
kodim23.png,JPEG,20,0.3342081705729167,,31.819501313443762,0.8628954731170997,0.8628954731170997,0.19406995177268982,0.0,0.0
kodim23.png,JPEG,40,0.4928181966145833,,34.364736491639036,0.9088605046763041,0.9088605046763041,0.108087919652462,0.0,0.0
kodim23.png,JPEG,60,0.6435343424479166,,35.73155208584544,0.9271041021971426,0.9271041021971426,0.07895386219024658,0.0,0.0
kodim23.png,JPEG,80,0.9919637044270834,,37.7856936426702,0.9472717026043674,0.9472717026043674,0.03926270827651024,0.0,0.0
kodim23.png,JPEG,95,2.4015909830729165,,41.27728647977509,0.9712720784311181,0.9712720784311181,0.006359797902405262,0.0,0.0
kodim23.png,WebP,10,0.16031901041666666,,31.808127507708196,0.870086555615492,0.870086555615492,0.18426913022994995,0.0,0.0
kodim23.png,WebP,20,0.20499674479166666,,32.92880886440745,0.8876077044518481,0.8876077044518481,0.1550784558057785,0.0,0.0
kodim23.png,WebP,40,0.2959798177083333,,34.55743329279188,0.9096497165450619,0.9096497165450619,0.12093726545572281,0.0,0.0
kodim23.png,WebP,60,0.3890380859375,,35.81670900695866,0.9242294534136116,0.9242294534136116,0.09405211359262466,0.0,0.0
kodim23.png,WebP,80,0.5947265625,,37.60976257597384,0.9416393368431107,0.9416393368431107,0.07084668427705765,0.0,0.0
kodim23.png,WebP,95,2.0533447265625,,41.671471517884754,0.974296331684419,0.974296331684419,0.008109113201498985,0.0,0.0
kodim24.png,Ours (Multi-Mode RDO),1,1.0824381510416667,1.9452028274536133,22.173231098721512,0.6396589541137497,0.708472304060166,0.3612526059150696,0.0,0.0
kodim24.png,Ours (Multi-Mode RDO),5,1.0686848958333333,1.952591896057129,22.172332198208938,0.6393312648556061,0.7081851047645036,0.36132943630218506,0.0,0.0
kodim24.png,Ours (Multi-Mode RDO),10,1.0518798828125,1.9472007751464844,22.17167824334203,0.6390045288772436,0.7077952625758418,0.36151570081710815,0.0,0.0
kodim24.png,Ours (Multi-Mode RDO),20,1.0264892578125,1.907956600189209,22.167648112739073,0.6381689908428071,0.7068315412760404,0.3623479902744293,0.0,0.0
kodim24.png,Ours (Multi-Mode RDO),40,0.9920857747395834,1.8798506259918213,22.156967885164033,0.6362637140921352,0.704898602058918,0.36385461688041687,0.0,0.0
kodim24.png,Ours (Multi-Mode RDO),70,0.9514567057291666,1.840118169784546,22.14834223047815,0.6333685853489818,0.7018620442697634,0.3662331700325012,0.0,0.0
kodim24.png,Ours (Multi-Mode RDO),110,0.9124959309895834,1.8570101261138916,22.137540457762125,0.6297045925114545,0.6985053530492011,0.36936837434768677,0.0,0.0
kodim24.png,Ours (Multi-Mode RDO),150,0.87841796875,1.8355491161346436,22.119284638479108,0.6256494582995854,0.6949139234346061,0.37243661284446716,0.0,0.0
kodim24.png,Standard RDO (No Saliency),1,0.64166259765625,1.1457467079162598,21.53596209725672,0.5615255435306082,0.5928065967442311,0.4527895450592041,0.0,0.0
kodim24.png,Standard RDO (No Saliency),5,0.6370849609375,1.1411542892456055,21.5348488183878,0.5612364109140651,0.5925550110806787,0.45326346158981323,0.0,0.0
kodim24.png,Standard RDO (No Saliency),10,0.63262939453125,1.139812707901001,21.534307883721873,0.5609556667482267,0.5922604574058222,0.45376625657081604,0.0,0.0
kodim24.png,Standard RDO (No Saliency),20,0.6256917317708334,1.141901969909668,21.531580649187283,0.5604095171127969,0.5917482038124013,0.4548373222351074,0.0,0.0
kodim24.png,Standard RDO (No Saliency),40,0.61517333984375,1.1415598392486572,21.522626308196784,0.5590375794727921,0.5905281275609046,0.4551849961280823,0.0,0.0
kodim24.png,Standard RDO (No Saliency),70,0.5992024739583334,1.125516653060913,21.520430282133717,0.5570055319426032,0.5887263725913507,0.4561135470867157,0.0,0.0
kodim24.png,Standard RDO (No Saliency),110,0.5806070963541666,1.1179497241973877,21.498728938090114,0.5541521263432603,0.5864995373970031,0.4594372510910034,0.0,0.0
kodim24.png,Standard RDO (No Saliency),150,0.5603841145833334,1.1187570095062256,21.48148771819312,0.5509292207584537,0.5838281342412859,0.4627308249473572,0.0,0.0
kodim24.png,JPEG,10,0.3802286783854167,,24.803266974614356,0.7367245895091488,0.7367245895091488,0.2821992337703705,0.0,0.0
kodim24.png,JPEG,20,0.6064453125,,26.985823648907733,0.8274425493713707,0.8274425493713707,0.16261616349220276,0.0,0.0
kodim24.png,JPEG,40,0.9463907877604166,,29.205274052048573,0.887283881797945,0.887283881797945,0.08957328647375107,0.0,0.0
kodim24.png,JPEG,60,1.2495524088541667,,30.750822565144986,0.9157077477665352,0.9157077477665352,0.056108325719833374,0.0,0.0
kodim24.png,JPEG,80,1.8747355143229167,,33.32384033705894,0.9479454368476158,0.9479454368476158,0.025377865880727768,0.0,0.0
kodim24.png,JPEG,95,3.87152099609375,,37.99766453559482,0.9819993262303065,0.9819993262303065,0.0068978904746472836,0.0,0.0
kodim24.png,WebP,10,0.4094645182291667,,27.34992182195771,0.8113737975600404,0.8113737975600404,0.1955123245716095,0.0,0.0
kodim24.png,WebP,20,0.556640625,,28.713754291288637,0.8584928130341499,0.8584928130341499,0.14735837280750275,0.0,0.0
kodim24.png,WebP,40,0.8290608723958334,,30.850691884842426,0.9060052563381649,0.9060052563381649,0.09468700736761093,0.0,0.0
kodim24.png,WebP,60,1.0965169270833333,,32.522135802150785,0.9328438551291391,0.9328438551291391,0.0644635334610939,0.0,0.0
kodim24.png,WebP,80,1.5625406901041667,,34.91006827772015,0.9602447467428128,0.9602447467428128,0.028864381834864616,0.0,0.0
kodim24.png,WebP,95,3.23486328125,,38.81151037461967,0.9859598856268699,0.9859598856268699,0.006648381240665913,0.0,0.0
